DBN,Major N,Oth N,NoCrim N,Prop N,Vio N,AvgOfMajor N,AvgOfOth N,AvgOfNoCrim N,AvgOfProp N,AvgOfVio N,Latitude,Longitude,SATmath,SATall
16K393,0.0,0.0,0.0,0.0,0.0,0.0,0.0,0.0,0.0,0.0,40.692126,-73.931731,355.0,356.0
02M418,0.0,0.0,0.0,0.0,0.0,0.33,1.32,1.76,0.83,0.59,40.704487,-74.011556,553.0,538.0
02M418,0.0,0.0,0.0,0.0,0.0,0.31,1.12,1.82,0.79,0.51,40.704487,-74.011556,553.0,538.0
02M418,0.0,0.0,0.0,0.0,0.0,0.28,1.11,1.74,0.75,0.53,40.704487,-74.011556,553.0,538.0
16K594,0.0,0.0,0.0,0.0,0.0,0.0,0.0,0.0,0.0,0.0,40.680463,-73.922264,372.0,364.3333333333333
14K586,0.0,0.0,0.0,0.0,0.0,0.0,0.0,0.0,0.0,0.0,40.709941,-73.943641,377.0,367.6666666666667
14K454,0.0,0.0,0.0,0.0,0.0,0.0,0.0,0.0,0.0,0.0,40.709941,-73.943641,386.0,396.3333333333333
14K449,0.0,0.0,0.0,0.0,0.0,0.0,0.0,0.0,0.0,0.0,40.709941,-73.943641,584.0,580.0
23K493,0.0,0.0,0.0,0.0,0.0,0.0,0.0,0.0,0.0,0.0,40.674103,-73.913273,409.0,395.0
14K071,0.0,0.0,0.0,0.0,0.0,0.0,0.0,0.0,0.0,0.0,40.703624,-73.95314599999999,361.0,361.6666666666667
14K071,0.0,7.0,6.0,5.0,2.0,0.31,1.12,1.82,0.79,0.51,40.703624,-73.95314599999999,361.0,361.6666666666667
14K071,1.0,5.0,5.0,3.0,3.0,0.28,1.11,1.74,0.75,0.53,40.703624,-73.95314599999999,361.0,361.6666666666667
13K412,0.0,0.0,0.0,0.0,0.0,0.0,0.0,0.0,0.0,0.0,40.692642,-73.958794,355.0,371.3333333333333
15K448,0.0,0.0,0.0,0.0,0.0,0.0,0.0,0.0,0.0,0.0,40.68007,-74.001377,399.0,393.0
23K697,0.0,0.0,0.0,0.0,0.0,0.0,0.0,0.0,0.0,0.0,40.665878,-73.911705,416.0,398.6666666666667
23K514,0.0,0.0,0.0,0.0,0.0,0.0,0.0,0.0,0.0,0.0,40.665878,-73.911705,371.0,363.6666666666667
19K683,0.0,0.0,0.0,0.0,0.0,0.0,0.0,0.0,0.0,0.0,40.670724,-73.874208,400.0,385.6666666666667
18K589,0.0,0.0,0.0,0.0,0.0,0.0,0.0,0.0,0.0,0.0,40.658429999999996,-73.929076,360.0,360.0
18K635,0.0,1.0,0.0,1.0,0.0,0.43,1.03,1.23,0.99,0.41,40.645685,-73.8989,370.0,380.0
13K265,0.0,0.0,0.0,0.0,0.0,0.0,0.0,0.0,0.0,0.0,40.696324,-73.97578,349.0,358.0
13K265,0.0,5.0,6.0,1.0,4.0,0.27,1.11,1.38,0.8,0.48,40.696324,-73.97578,349.0,358.0
13K265,0.0,5.0,3.0,2.0,3.0,0.27,0.9,1.67,0.63,0.44,40.696324,-73.97578,349.0,358.0
23K647,0.0,0.0,0.0,0.0,0.0,0.0,0.0,0.0,0.0,0.0,40.656068,-73.90724499999999,346.0,342.6666666666667
23K643,0.0,0.0,0.0,0.0,0.0,0.0,0.0,0.0,0.0,0.0,40.656068,-73.90724499999999,338.0,339.3333333333333
32K564,0.0,0.0,0.0,0.0,0.0,0.0,0.0,0.0,0.0,0.0,40.695362,-73.915142,317.0,344.6666666666667
15K497,0.0,0.0,0.0,0.0,0.0,0.0,0.0,0.0,0.0,0.0,40.685419,-73.993351,415.0,404.0
15K429,0.0,0.0,0.0,0.0,0.0,0.0,0.0,0.0,0.0,0.0,40.685419,-73.993351,367.0,370.3333333333333
21K344,0.0,0.0,0.0,0.0,0.0,0.0,0.0,0.0,0.0,0.0,40.582533000000005,-73.97313199999999,427.0,412.3333333333333
13K483,0.0,0.0,0.0,0.0,0.0,0.0,0.0,0.0,0.0,0.0,40.694682,-73.988853,417.0,402.0
21K559,0.0,0.0,0.0,0.0,0.0,0.0,0.0,0.0,0.0,0.0,40.594291,-73.98577,375.0,374.6666666666667
21K337,0.0,0.0,0.0,0.0,0.0,0.0,0.0,0.0,0.0,0.0,40.594291,-73.98577,386.0,342.0
21K348,0.0,0.0,0.0,0.0,0.0,0.0,0.0,0.0,0.0,0.0,40.594291,-73.98577,398.0,388.0
21K572,0.0,0.0,0.0,0.0,0.0,0.0,0.0,0.0,0.0,0.0,40.594291,-73.98577,370.0,359.6666666666667
22K405,3.0,11.0,2.0,12.0,2.0,2.13,9.06,14.5,6.06,3.56,40.633237,-73.952929,519.0,491.0
22K405,0.0,5.0,5.0,2.0,3.0,1.57,7.21,14.07,5.14,2.57,40.633237,-73.952929,519.0,491.0
22K405,3.0,6.0,7.0,4.0,3.0,1.13,8.47,15.33,3.8,3.07,40.633237,-73.952929,519.0,491.0
21K410,0.0,0.0,0.0,0.0,0.0,0.0,0.0,0.0,0.0,0.0,40.581681,-73.967308,437.0,408.6666666666667
18K569,0.0,0.0,0.0,0.0,0.0,0.0,0.0,0.0,0.0,0.0,40.648657,-73.92217099999999,378.0,364.0
18K563,0.0,0.0,0.0,0.0,0.0,0.0,0.0,0.0,0.0,0.0,40.648657,-73.92217099999999,320.0,321.0
18K629,0.0,0.0,0.0,0.0,0.0,0.0,0.0,0.0,0.0,0.0,40.648657,-73.92217099999999,395.0,389.6666666666667
19K583,0.0,0.0,0.0,0.0,0.0,0.0,0.0,0.0,0.0,0.0,40.691146,-73.868328,322.0,295.6666666666667
19K659,0.0,0.0,0.0,0.0,0.0,0.0,0.0,0.0,0.0,0.0,40.691146,-73.868328,385.0,376.3333333333333
19K639,0.0,0.0,0.0,0.0,0.0,0.0,0.0,0.0,0.0,0.0,40.691146,-73.868328,385.0,369.3333333333333
19K618,0.0,0.0,0.0,0.0,0.0,0.0,0.0,0.0,0.0,0.0,40.691146,-73.868328,371.0,365.3333333333333
22K425,2.0,8.0,26.0,1.0,5.0,2.13,9.06,14.5,6.06,3.56,40.609912,-73.948512,475.0,450.0
22K425,4.0,14.0,28.0,10.0,7.0,1.57,7.21,14.07,5.14,2.57,40.609912,-73.948512,475.0,450.0
22K425,1.0,17.0,15.0,4.0,10.0,1.13,8.47,15.33,3.8,3.07,40.609912,-73.948512,475.0,450.0
13K430,2.0,6.0,8.0,3.0,0.0,1.8,7.8,7.6,6.2,2.2,40.688834,-73.976905,659.0,611.0
13K430,2.0,6.0,9.0,5.0,1.0,2.6,10.4,14.8,9.2,2.4,40.688834,-73.976905,659.0,611.0
13K430,0.0,4.0,6.0,0.0,2.0,0.33,6.67,7.0,3.33,2.0,40.688834,-73.976905,659.0,611.0
19K510,0.0,0.0,0.0,0.0,0.0,0.0,0.0,0.0,0.0,0.0,40.667456,-73.894747,365.0,368.6666666666667
19K507,0.0,0.0,0.0,0.0,0.0,0.0,0.0,0.0,0.0,0.0,40.667456,-73.894747,386.0,383.0
19K504,0.0,0.0,0.0,0.0,0.0,0.0,0.0,0.0,0.0,0.0,40.667456,-73.894747,349.0,351.3333333333333
19K502,0.0,0.0,0.0,0.0,0.0,0.0,0.0,0.0,0.0,0.0,40.667456,-73.894747,349.0,341.0
17K528,0.0,0.0,0.0,0.0,0.0,0.0,0.0,0.0,0.0,0.0,40.670349,-73.96169499999999,385.0,392.0
17K524,0.0,0.0,0.0,0.0,0.0,0.0,0.0,0.0,0.0,0.0,40.670349,-73.96169499999999,335.0,304.3333333333333
17K548,0.0,0.0,0.0,0.0,0.0,0.0,0.0,0.0,0.0,0.0,40.670349,-73.96169499999999,393.0,383.6666666666667
17K547,0.0,0.0,0.0,0.0,0.0,0.0,0.0,0.0,0.0,0.0,40.670349,-73.96169499999999,382.0,381.0
20K445,0.0,0.0,0.0,0.0,0.0,0.0,0.0,0.0,0.0,0.0,40.613262,-74.003404,471.0,424.0
20K445,1.0,5.0,14.0,4.0,2.0,1.57,7.21,14.07,5.14,2.57,40.613262,-74.003404,471.0,424.0
20K445,0.0,5.0,21.0,0.0,2.0,1.13,8.47,15.33,3.8,3.07,40.613262,-74.003404,471.0,424.0
14K478,0.0,0.0,0.0,0.0,0.0,0.0,0.0,0.0,0.0,0.0,40.712184,-73.939722,421.0,405.0
14K477,0.0,0.0,0.0,0.0,0.0,0.0,0.0,0.0,0.0,0.0,40.712184,-73.939722,396.0,401.3333333333333
14K474,0.0,0.0,0.0,0.0,0.0,0.0,0.0,0.0,0.0,0.0,40.712184,-73.939722,379.0,371.3333333333333
16K455,0.0,0.0,0.0,0.0,0.0,0.0,0.0,0.0,0.0,0.0,40.67944,-73.932407,370.0,365.6666666666667
13K553,0.0,0.0,0.0,0.0,0.0,0.0,0.0,0.0,0.0,0.0,40.685004,-73.947152,383.0,399.0
13K575,0.0,0.0,0.0,0.0,0.0,0.0,0.0,0.0,0.0,0.0,40.685004,-73.947152,391.0,394.3333333333333
15K462,0.0,0.0,0.0,0.0,0.0,0.0,0.0,0.0,0.0,0.0,40.669629,-73.979287,411.0,401.0
15K463,0.0,0.0,0.0,0.0,0.0,0.0,0.0,0.0,0.0,0.0,40.669629,-73.979287,391.0,389.6666666666667
15K464,0.0,0.0,0.0,0.0,0.0,0.0,0.0,0.0,0.0,0.0,40.669629,-73.979287,416.0,391.6666666666667
17K543,0.0,0.0,0.0,0.0,0.0,0.0,0.0,0.0,0.0,0.0,40.649786999999996,-73.95855,462.0,453.3333333333333
17K537,0.0,0.0,0.0,0.0,0.0,0.0,0.0,0.0,0.0,0.0,40.649786999999996,-73.95855,349.0,342.3333333333333
17K539,0.0,0.0,0.0,0.0,0.0,0.0,0.0,0.0,0.0,0.0,40.649786999999996,-73.95855,375.0,368.3333333333333
32K549,0.0,0.0,0.0,0.0,0.0,0.0,0.0,0.0,0.0,0.0,40.69697,-73.910791,353.0,345.0
17K408,0.0,0.0,0.0,0.0,0.0,0.0,0.0,0.0,0.0,0.0,40.649786999999996,-73.95855,342.0,348.3333333333333
17K382,0.0,0.0,0.0,0.0,0.0,0.0,0.0,0.0,0.0,0.0,40.649786999999996,-73.95855,374.0,379.6666666666667
17K531,0.0,0.0,0.0,0.0,0.0,0.0,0.0,0.0,0.0,0.0,40.658893,-73.942458,381.0,362.6666666666667
17K533,0.0,0.0,0.0,0.0,0.0,0.0,0.0,0.0,0.0,0.0,40.658893,-73.942458,404.0,384.3333333333333
17K544,0.0,0.0,0.0,0.0,0.0,0.0,0.0,0.0,0.0,0.0,40.658893,-73.942458,391.0,382.0
17K546,0.0,0.0,0.0,0.0,0.0,0.0,0.0,0.0,0.0,0.0,40.658893,-73.942458,441.0,424.3333333333333
32K552,0.0,0.0,0.0,0.0,0.0,0.0,0.0,0.0,0.0,0.0,40.69697,-73.910791,364.0,353.3333333333333
32K403,0.0,0.0,0.0,0.0,0.0,0.0,0.0,0.0,0.0,0.0,40.69697,-73.910791,366.0,366.0
20K485,0.0,3.0,2.0,2.0,0.0,0.86,3.26,5.55,2.17,1.29,40.637282,-74.023849,474.0,441.0
20K485,0.0,3.0,7.0,2.0,0.0,0.89,3.22,5.07,2.18,1.64,40.637282,-74.023849,474.0,441.0
20K485,0.0,2.0,3.0,1.0,1.0,0.64,3.02,5.77,1.72,1.54,40.637282,-74.023849,474.0,441.0
20K490,1.0,10.0,7.0,9.0,1.0,1.8,7.8,7.6,6.2,2.2,40.627835,-74.04004599999999,478.0,435.3333333333333
20K490,3.0,6.0,12.0,6.0,3.0,2.6,10.4,14.8,9.2,2.4,40.627835,-74.04004599999999,478.0,435.3333333333333
20K490,1.0,9.0,10.0,6.0,3.0,0.33,6.67,7.0,3.33,2.0,40.627835,-74.04004599999999,478.0,435.3333333333333
22K495,0.0,0.0,0.0,0.0,0.0,0.0,0.0,0.0,0.0,0.0,40.594124,-73.937696,392.0,381.6666666666667
18K642,0.0,0.0,0.0,0.0,0.0,0.0,0.0,0.0,0.0,0.0,40.641474,-73.89825400000001,385.0,378.3333333333333
18K633,0.0,0.0,0.0,0.0,0.0,0.0,0.0,0.0,0.0,0.0,40.641474,-73.89825400000001,380.0,386.3333333333333
18K617,0.0,0.0,0.0,0.0,0.0,0.0,0.0,0.0,0.0,0.0,40.641474,-73.89825400000001,393.0,394.3333333333333
20K658,0.0,0.0,0.0,0.0,0.0,0.0,0.0,0.0,0.0,0.0,40.620446,-73.98179499999999,477.0,377.0
20K505,0.0,0.0,0.0,0.0,0.0,0.0,0.0,0.0,0.0,0.0,40.620446,-73.98179499999999,486.0,414.6666666666667
18K576,0.0,0.0,0.0,0.0,0.0,0.0,0.0,0.0,0.0,0.0,40.633285,-73.916735,377.0,381.0
18K567,0.0,0.0,0.0,0.0,0.0,0.0,0.0,0.0,0.0,0.0,40.633285,-73.916735,358.0,372.6666666666667
18K566,0.0,0.0,0.0,0.0,0.0,0.0,0.0,0.0,0.0,0.0,40.633285,-73.916735,377.0,381.6666666666667
18K578,0.0,0.0,0.0,0.0,0.0,0.0,0.0,0.0,0.0,0.0,40.633285,-73.916735,362.0,365.6666666666667
18K637,0.0,0.0,0.0,0.0,0.0,0.0,0.0,0.0,0.0,0.0,40.633285,-73.916735,381.0,370.3333333333333
21K525,2.0,8.0,6.0,8.0,2.0,1.8,7.8,7.6,6.2,2.2,40.620525,-73.959285,496.0,477.0
21K525,4.0,9.0,16.0,11.0,1.0,2.6,10.4,14.8,9.2,2.4,40.620525,-73.959285,496.0,477.0
21K525,1.0,8.0,8.0,4.0,2.0,1.13,8.47,15.33,3.8,3.07,40.620525,-73.959285,496.0,477.0
22K535,0.0,0.0,0.0,0.0,0.0,0.56,2.4,3.56,1.36,1.05,40.580894,-73.935952,561.0,542.3333333333334
22K535,0.0,0.0,0.0,0.0,0.0,0.48,2.19,3.69,1.29,1.0,40.580894,-73.935952,561.0,542.3333333333334
22K535,0.0,0.0,0.0,0.0,0.0,0.57,2.12,3.64,1.39,1.05,40.580894,-73.935952,561.0,542.3333333333334
21K540,3.0,8.0,10.0,3.0,8.0,0.81,5.43,8.48,3.24,2.33,40.589268,-73.981738,468.0,420.6666666666667
21K540,1.0,8.0,5.0,5.0,4.0,1.96,7.74,16.07,5.48,3.44,40.589268,-73.981738,468.0,420.6666666666667
21K540,0.0,12.0,13.0,4.0,7.0,1.69,7.16,17.44,3.63,3.94,40.589268,-73.981738,468.0,420.6666666666667
32K554,0.0,0.0,1.0,0.0,0.0,0.35,1.06,1.09,0.73,0.5,40.69737,-73.91317099999999,465.0,438.3333333333333
32K554,0.0,0.0,0.0,0.0,0.0,0.27,1.11,1.38,0.8,0.48,40.69737,-73.91317099999999,465.0,438.3333333333333
32K554,0.0,0.0,1.0,0.0,0.0,0.27,0.9,1.67,0.63,0.44,40.69737,-73.91317099999999,465.0,438.3333333333333
13K605,0.0,0.0,0.0,0.0,0.0,0.0,0.0,0.0,0.0,0.0,40.694926,-73.98601500000001,391.0,396.3333333333333
13K674,0.0,0.0,0.0,0.0,0.0,0.0,0.0,0.0,0.0,0.0,40.694926,-73.98601500000001,499.0,451.0
17K590,2.0,4.0,2.0,5.0,1.0,0.56,2.4,3.56,1.36,1.05,40.667195,-73.951167,481.0,478.6666666666667
17K590,1.0,3.0,1.0,3.0,0.0,0.89,3.22,5.07,2.18,1.64,40.667195,-73.951167,481.0,478.6666666666667
17K590,0.0,2.0,2.0,2.0,0.0,0.57,2.12,3.64,1.39,1.05,40.667195,-73.951167,481.0,478.6666666666667
17K600,0.0,7.0,14.0,3.0,4.0,0.81,3.95,6.51,2.3,1.78,40.669567,-73.961962,413.0,417.0
17K600,5.0,11.0,19.0,5.0,11.0,0.89,3.22,5.07,2.18,1.64,40.669567,-73.961962,413.0,417.0
17K600,4.0,8.0,13.0,1.0,10.0,0.64,3.02,5.77,1.72,1.54,40.669567,-73.961962,413.0,417.0
14K632,0.0,0.0,0.0,0.0,0.0,0.0,0.0,0.0,0.0,0.0,40.721981,-73.953281,372.0,374.0
14K610,0.0,0.0,0.0,0.0,0.0,0.0,0.0,0.0,0.0,0.0,40.721981,-73.953281,376.0,364.3333333333333
19K615,0.0,2.0,16.0,0.0,1.0,0.56,2.4,3.56,1.36,1.05,40.678276000000004,-73.87595999999999,418.0,397.6666666666667
19K615,0.0,10.0,6.0,6.0,4.0,0.48,2.19,3.69,1.29,1.0,40.678276000000004,-73.87595999999999,418.0,397.6666666666667
19K615,3.0,8.0,9.0,2.0,8.0,0.57,2.12,3.64,1.39,1.05,40.678276000000004,-73.87595999999999,418.0,397.6666666666667
21K620,0.0,0.0,0.0,0.0,0.0,0.0,0.0,0.0,0.0,0.0,40.582584999999995,-73.963477,414.0,394.6666666666667
21K620,5.0,6.0,13.0,7.0,3.0,0.31,1.12,1.82,0.79,0.51,40.582584999999995,-73.963477,414.0,394.6666666666667
21K620,3.0,1.0,10.0,1.0,3.0,0.28,1.11,1.74,0.75,0.53,40.582584999999995,-73.963477,414.0,394.6666666666667
17K625,0.0,0.0,0.0,0.0,0.0,0.0,0.0,0.0,0.0,0.0,40.675612,-73.938843,363.0,361.0
14K561,0.0,0.0,0.0,0.0,0.0,0.0,0.0,0.0,0.0,0.0,40.715073,-73.95475400000001,410.0,395.6666666666667
14K558,0.0,0.0,0.0,0.0,0.0,0.0,0.0,0.0,0.0,0.0,40.715073,-73.95475400000001,385.0,370.6666666666667
14K488,0.0,0.0,0.0,0.0,0.0,0.0,0.0,0.0,0.0,0.0,40.715073,-73.95475400000001,373.0,363.3333333333333
15K656,0.0,0.0,0.0,0.0,0.0,0.0,0.0,0.0,0.0,0.0,40.683559,-73.98026999999999,421.0,419.3333333333333
19K660,0.0,8.0,12.0,0.0,6.0,0.35,1.06,1.09,0.73,0.5,40.674135,-73.89643000000001,369.0,367.3333333333333
19K660,1.0,0.0,2.0,0.0,1.0,0.31,1.12,1.82,0.79,0.51,40.674135,-73.89643000000001,369.0,367.3333333333333
19K660,2.0,1.0,8.0,1.0,1.0,0.27,0.9,1.67,0.63,0.44,40.674135,-73.89643000000001,369.0,367.3333333333333
21K690,0.0,3.0,4.0,1.0,1.0,0.52,1.71,2.49,1.16,0.75,40.604879,-73.994404,449.0,437.6666666666667
21K690,0.0,0.0,1.0,0.0,0.0,0.46,1.65,2.77,1.17,0.75,40.604879,-73.994404,449.0,437.6666666666667
21K690,0.0,2.0,3.0,0.0,1.0,0.38,1.71,2.38,0.98,0.82,40.604879,-73.994404,449.0,437.6666666666667
21K728,0.0,2.0,3.0,2.0,0.0,0.43,1.03,1.23,0.99,0.41,40.577208,-73.98595300000001,369.0,384.3333333333333
21K728,0.0,0.0,7.0,0.0,0.0,0.36,0.76,1.17,0.64,0.37,40.577208,-73.98595300000001,369.0,384.3333333333333
21K728,2.0,1.0,3.0,2.0,0.0,0.24,0.71,1.71,0.51,0.32,40.577208,-73.98595300000001,369.0,384.3333333333333
14K685,0.0,1.0,0.0,1.0,0.0,0.43,1.03,1.23,0.99,0.41,40.705898,-73.955611,335.0,345.0
14K685,2.0,2.0,2.0,4.0,0.0,0.36,0.76,1.17,0.64,0.37,40.705898,-73.955611,335.0,345.0
14K685,0.0,1.0,1.0,1.0,0.0,0.24,0.71,1.71,0.51,0.32,40.705898,-73.955611,335.0,345.0
15K519,3.0,3.0,4.0,1.0,5.0,0.33,1.32,1.76,0.83,0.59,40.684523999999996,-73.990993,402.0,395.0
15K519,0.0,2.0,5.0,0.0,2.0,0.31,1.12,1.82,0.79,0.51,40.684523999999996,-73.990993,402.0,395.0
15K519,0.0,4.0,16.0,0.0,4.0,0.28,1.11,1.74,0.75,0.53,40.684523999999996,-73.990993,402.0,395.0
13K350,0.0,0.0,0.0,0.0,0.0,0.0,0.0,0.0,0.0,0.0,40.697339,-73.985016,364.0,360.0
13K419,0.0,0.0,0.0,0.0,0.0,0.0,0.0,0.0,0.0,0.0,40.697339,-73.985016,417.0,403.6666666666667
13K439,0.0,0.0,0.0,0.0,0.0,0.0,0.0,0.0,0.0,0.0,40.697339,-73.985016,364.0,327.0
15K530,0.0,0.0,0.0,0.0,0.0,0.0,0.0,0.0,0.0,0.0,40.686499,-73.979649,365.0,367.0
19K409,0.0,0.0,1.0,0.0,0.0,0.35,1.06,1.09,0.73,0.5,40.661072,-73.886942,432.0,414.0
19K409,0.0,0.0,2.0,0.0,0.0,0.27,1.11,1.38,0.8,0.48,40.661072,-73.886942,432.0,414.0
19K409,0.0,0.0,1.0,0.0,0.0,0.27,0.9,1.67,0.63,0.44,40.661072,-73.886942,432.0,414.0
17K489,0.0,0.0,0.0,0.0,0.0,0.0,0.0,0.0,0.0,0.0,40.6701,-73.954972,364.0,364.0
17K489,1.0,1.0,1.0,2.0,0.0,0.36,0.76,1.17,0.64,0.37,40.6701,-73.954972,364.0,364.0
17K489,0.0,2.0,4.0,0.0,1.0,0.24,0.71,1.71,0.51,0.32,40.6701,-73.954972,364.0,364.0
15K698,0.0,0.0,1.0,0.0,0.0,0.43,1.03,1.23,0.99,0.41,40.677969,-74.014363,416.0,423.6666666666667
15K698,0.0,1.0,0.0,1.0,0.0,0.36,0.76,1.17,0.64,0.37,40.677969,-74.014363,416.0,423.6666666666667
15K698,0.0,2.0,1.0,1.0,1.0,0.24,0.71,1.71,0.51,0.32,40.677969,-74.014363,416.0,423.6666666666667
18K673,2.0,2.0,1.0,4.0,0.0,0.43,1.03,1.23,0.99,0.41,40.65911,-73.92036800000001,403.0,397.0
18K673,0.0,1.0,3.0,0.0,1.0,0.36,0.76,1.17,0.64,0.37,40.65911,-73.92036800000001,403.0,397.0
18K673,0.0,0.0,5.0,0.0,0.0,0.24,0.71,1.71,0.51,0.32,40.65911,-73.92036800000001,403.0,397.0
32K556,0.0,1.0,0.0,0.0,0.0,0.35,1.06,1.09,0.73,0.5,40.695056,-73.92814,358.0,351.6666666666667
32K556,1.0,0.0,2.0,1.0,0.0,0.27,1.11,1.38,0.8,0.48,40.695056,-73.92814,358.0,351.6666666666667
32K556,0.0,3.0,5.0,0.0,2.0,0.27,0.9,1.67,0.63,0.44,40.695056,-73.92814,358.0,351.6666666666667
23K646,0.0,0.0,0.0,0.0,0.0,0.0,0.0,0.0,0.0,0.0,40.67715,-73.903953,371.0,331.0
23K646,4.0,4.0,7.0,6.0,1.0,0.36,0.76,1.17,0.64,0.37,40.67715,-73.903953,371.0,331.0
23K646,2.0,3.0,18.0,2.0,2.0,0.24,0.71,1.71,0.51,0.32,40.67715,-73.903953,371.0,331.0
17K568,1.0,3.0,6.0,4.0,0.0,0.43,1.03,1.23,0.99,0.41,40.666517999999996,-73.92405699999999,356.0,354.3333333333333
17K568,0.0,4.0,3.0,1.0,3.0,0.36,0.76,1.17,0.64,0.37,40.666517999999996,-73.92405699999999,356.0,354.3333333333333
17K568,0.0,3.0,9.0,2.0,1.0,0.24,0.71,1.71,0.51,0.32,40.666517999999996,-73.92405699999999,356.0,354.3333333333333
13K499,3.0,2.0,9.0,2.0,2.0,0.33,1.32,1.76,0.83,0.59,40.678488,-73.96210500000001,364.0,372.0
13K499,1.0,5.0,6.0,4.0,1.0,0.31,1.12,1.82,0.79,0.51,40.678488,-73.96210500000001,364.0,372.0
13K499,1.0,2.0,3.0,2.0,1.0,0.27,0.9,1.67,0.63,0.44,40.678488,-73.96210500000001,364.0,372.0
32K545,0.0,2.0,2.0,1.0,1.0,0.33,1.32,1.76,0.83,0.59,40.694507,-73.929107,409.0,384.6666666666667
32K545,0.0,2.0,5.0,1.0,1.0,0.31,1.12,1.82,0.79,0.51,40.694507,-73.929107,409.0,384.6666666666667
32K545,1.0,2.0,5.0,1.0,2.0,0.28,1.11,1.74,0.75,0.53,40.694507,-73.929107,409.0,384.6666666666667
13K670,0.0,2.0,1.0,2.0,0.0,0.52,1.71,2.49,1.16,0.75,40.695332,-73.969243,472.0,463.6666666666667
13K670,1.0,6.0,8.0,3.0,1.0,0.46,1.65,2.77,1.17,0.75,40.695332,-73.969243,472.0,463.6666666666667
13K670,0.0,3.0,6.0,1.0,2.0,0.38,1.71,2.38,0.98,0.82,40.695332,-73.969243,472.0,463.6666666666667
22K555,0.0,0.0,0.0,0.0,0.0,0.33,1.32,1.76,0.83,0.59,40.649404,-73.97173599999999,456.0,450.6666666666667
22K555,0.0,1.0,1.0,0.0,0.0,0.31,1.12,1.82,0.79,0.51,40.649404,-73.97173599999999,456.0,450.6666666666667
22K555,0.0,1.0,0.0,1.0,0.0,0.28,1.11,1.74,0.75,0.53,40.649404,-73.97173599999999,456.0,450.6666666666667
16K498,0.0,11.0,5.0,7.0,2.0,0.33,1.32,1.76,0.83,0.59,40.688831,-73.920906,372.0,364.0
16K498,1.0,2.0,10.0,1.0,2.0,0.31,1.12,1.82,0.79,0.51,40.688831,-73.920906,372.0,364.0
16K498,0.0,2.0,12.0,1.0,0.0,0.28,1.11,1.74,0.75,0.53,40.688831,-73.920906,372.0,364.0
13K595,0.0,1.0,2.0,1.0,0.0,0.35,1.06,1.09,0.73,0.5,40.68538,-73.954302,443.0,437.3333333333333
13K595,0.0,0.0,0.0,0.0,0.0,0.27,1.11,1.38,0.8,0.48,40.68538,-73.954302,443.0,437.3333333333333
13K595,0.0,2.0,1.0,2.0,0.0,0.27,0.9,1.67,0.63,0.44,40.68538,-73.954302,443.0,437.3333333333333
05M499,0.0,10.0,8.0,6.0,3.0,0.86,3.26,5.55,2.17,1.29,40.824319,-73.93712,474.0,458.0
05M499,2.0,6.0,7.0,4.0,4.0,0.89,3.22,5.07,2.18,1.64,40.824319,-73.93712,474.0,458.0
05M499,1.0,5.0,10.0,2.0,3.0,0.64,3.02,5.77,1.72,1.54,40.824319,-73.93712,474.0,458.0
04M555,0.0,0.0,0.0,0.0,0.0,0.0,0.0,0.0,0.0,0.0,40.793763,-73.949381,421.0,407.0
02M408,0.0,0.0,0.0,0.0,0.0,0.0,0.0,0.0,0.0,0.0,40.761448,-73.988019,490.0,507.3333333333333
01M539,0.0,3.0,4.0,2.0,1.0,0.81,3.95,6.51,2.3,1.78,40.718895,-73.97930799999999,574.0,540.3333333333334
01M539,0.0,2.0,3.0,1.0,1.0,0.82,2.97,5.58,1.79,1.67,40.718895,-73.97930799999999,574.0,540.3333333333334
01M539,0.0,3.0,2.0,3.0,0.0,0.9,3.5,7.25,2.55,1.45,40.718895,-73.97930799999999,574.0,540.3333333333334
01M509,0.0,0.0,0.0,0.0,0.0,0.0,0.0,0.0,0.0,0.0,40.720581,-73.98564499999999,433.0,402.3333333333333
01M515,0.0,0.0,0.0,0.0,0.0,0.0,0.0,0.0,0.0,0.0,40.720581,-73.98564499999999,557.0,401.6666666666667
05M369,0.0,0.0,0.0,0.0,0.0,0.0,0.0,0.0,0.0,0.0,40.815256,-73.955325,353.0,359.0
05M367,0.0,0.0,0.0,0.0,0.0,0.0,0.0,0.0,0.0,0.0,40.815256,-73.955325,366.0,354.0
02M655,0.0,5.0,3.0,2.0,2.0,0.52,1.71,2.49,1.16,0.75,40.783625,-73.945637,424.0,412.0
02M655,2.0,4.0,12.0,4.0,2.0,0.31,1.12,1.82,0.79,0.51,40.783625,-73.945637,424.0,412.0
02M655,2.0,5.0,17.0,4.0,3.0,0.28,1.11,1.74,0.75,0.53,40.783625,-73.945637,424.0,412.0
04M409,0.0,0.0,0.0,0.0,0.0,0.0,0.0,0.0,0.0,0.0,40.798884,-73.933319,357.0,361.3333333333333
02M047,0.0,0.0,0.0,0.0,0.0,0.0,0.0,0.0,0.0,0.0,40.738548,-73.982455,400.0,394.0
01M292,0.0,0.0,0.0,0.0,0.0,0.0,0.0,0.0,0.0,0.0,40.713684,-73.986336,404.0,374.0
01M450,1.0,4.0,0.0,3.0,1.0,0.33,1.32,1.76,0.83,0.59,40.729589000000004,-73.982555,402.0,383.0
01M450,0.0,2.0,1.0,2.0,0.0,0.31,1.12,1.82,0.79,0.51,40.729589000000004,-73.982555,402.0,383.0
01M450,0.0,4.0,1.0,1.0,1.0,0.28,1.11,1.74,0.75,0.53,40.729589000000004,-73.982555,402.0,383.0
02M414,0.0,0.0,0.0,0.0,0.0,0.0,0.0,0.0,0.0,0.0,40.742129,-74.00219799999999,492.0,473.0
02M412,0.0,0.0,0.0,0.0,0.0,0.0,0.0,0.0,0.0,0.0,40.742129,-74.00219799999999,590.0,559.0
03M415,0.0,0.0,0.0,0.0,0.0,0.0,0.0,0.0,0.0,0.0,40.802207,-73.954142,368.0,369.6666666666667
03M860,0.0,0.0,0.0,0.0,0.0,0.0,0.0,0.0,0.0,0.0,40.802207,-73.954142,379.0,365.3333333333333
01M696,0.0,0.0,0.0,0.0,0.0,0.33,1.32,1.76,0.83,0.59,40.719029,-73.975891,604.0,618.6666666666666
01M696,0.0,0.0,2.0,0.0,0.0,0.31,1.12,1.82,0.79,0.51,40.719029,-73.975891,604.0,618.6666666666666
01M696,0.0,0.0,1.0,0.0,0.0,0.28,1.11,1.74,0.75,0.53,40.719029,-73.975891,604.0,618.6666666666666
04M635,0.0,0.0,0.0,0.0,0.0,0.0,0.0,0.0,0.0,0.0,40.785671,-73.942548,369.0,365.0
04M680,0.0,2.0,1.0,0.0,1.0,0.35,1.06,1.09,0.73,0.5,40.791881,-73.946558,351.0,351.3333333333333
04M680,1.0,1.0,4.0,1.0,0.0,0.27,1.11,1.38,0.8,0.48,40.791881,-73.946558,351.0,351.3333333333333
04M680,0.0,0.0,2.0,0.0,0.0,0.27,0.9,1.67,0.63,0.44,40.791881,-73.946558,351.0,351.3333333333333
03M485,2.0,2.0,5.0,4.0,0.0,2.93,12.33,31.53,6.47,5.13,40.773629,-73.98527299999999,564.0,569.0
03M485,0.0,3.0,8.0,2.0,1.0,3.33,12.0,34.5,6.42,7.17,40.773629,-73.98527299999999,564.0,569.0
03M485,0.0,4.0,2.0,2.0,0.0,3.14,13.0,34.86,8.29,5.29,40.773629,-73.98527299999999,564.0,569.0
02M298,0.0,0.0,0.0,0.0,0.0,0.0,0.0,0.0,0.0,0.0,40.716553000000005,-73.993092,438.0,431.0
02M394,0.0,0.0,0.0,0.0,0.0,0.0,0.0,0.0,0.0,0.0,40.716553000000005,-73.993092,512.0,396.0
05M304,0.0,0.0,0.0,0.0,0.0,0.0,0.0,0.0,0.0,0.0,40.817372,-73.947712,399.0,403.3333333333333
05M685,0.0,0.0,0.0,0.0,0.0,0.0,0.0,0.0,0.0,0.0,40.817372,-73.947712,361.0,361.6666666666667
06M348,0.0,0.0,0.0,0.0,0.0,0.0,0.0,0.0,0.0,0.0,40.848908,-73.930948,395.0,391.3333333333333
06M293,0.0,0.0,0.0,0.0,0.0,0.0,0.0,0.0,0.0,0.0,40.86079,-73.930672,446.0,423.3333333333333
02M529,1.0,5.0,4.0,6.0,0.0,0.33,1.32,1.76,0.83,0.59,40.757729,-73.983078,425.0,413.0
02M529,1.0,9.0,13.0,6.0,4.0,0.31,1.12,1.82,0.79,0.51,40.757729,-73.983078,425.0,413.0
02M529,2.0,7.0,19.0,4.0,3.0,0.28,1.11,1.74,0.75,0.53,40.757729,-73.983078,425.0,413.0
02M316,0.0,0.0,0.0,0.0,0.0,0.0,0.0,0.0,0.0,0.0,40.70568,-74.013302,370.0,375.6666666666667
02M580,0.0,0.0,0.0,0.0,0.0,0.0,0.0,0.0,0.0,0.0,40.70568,-74.013302,384.0,398.3333333333333
04M435,0.0,0.0,0.0,0.0,0.0,0.0,0.0,0.0,0.0,0.0,40.793856,-73.934028,514.0,476.6666666666667
02M419,0.0,0.0,0.0,0.0,0.0,0.0,0.0,0.0,0.0,0.0,40.742867,-74.002136,399.0,390.0
02M313,0.0,0.0,0.0,0.0,0.0,0.0,0.0,0.0,0.0,0.0,40.742867,-74.002136,390.0,396.0
02M605,0.0,0.0,0.0,0.0,0.0,0.0,0.0,0.0,0.0,0.0,40.742867,-74.002136,403.0,418.3333333333333
02M305,0.0,0.0,0.0,0.0,0.0,0.0,0.0,0.0,0.0,0.0,40.716778000000005,-73.989337,388.0,382.6666666666667
02M543,0.0,0.0,0.0,0.0,0.0,0.0,0.0,0.0,0.0,0.0,40.716778000000005,-73.989337,395.0,389.3333333333333
02M308,0.0,0.0,0.0,0.0,0.0,0.0,0.0,0.0,0.0,0.0,40.716778000000005,-73.989337,392.0,400.0
02M545,0.0,0.0,0.0,0.0,0.0,0.0,0.0,0.0,0.0,0.0,40.716778000000005,-73.989337,581.0,474.6666666666667
02M294,0.0,0.0,0.0,0.0,0.0,0.0,0.0,0.0,0.0,0.0,40.716778000000005,-73.989337,384.0,385.3333333333333
01M448,1.0,0.0,2.0,1.0,0.0,0.35,1.06,1.09,0.73,0.5,40.712399,-73.98449699999999,423.0,390.6666666666667
01M448,0.0,1.0,2.0,1.0,0.0,0.27,1.11,1.38,0.8,0.48,40.712399,-73.98449699999999,423.0,390.6666666666667
01M448,0.0,3.0,5.0,0.0,1.0,0.27,0.9,1.67,0.63,0.44,40.712399,-73.98449699999999,423.0,390.6666666666667
02M550,2.0,2.0,1.0,3.0,1.0,0.35,1.06,1.09,0.73,0.5,40.741657000000004,-73.999307,436.0,385.3333333333333
02M550,0.0,1.0,1.0,0.0,1.0,0.27,1.11,1.38,0.8,0.48,40.741657000000004,-73.999307,436.0,385.3333333333333
02M550,0.0,0.0,1.0,0.0,0.0,0.27,0.9,1.67,0.63,0.44,40.741657000000004,-73.999307,436.0,385.3333333333333
02M413,0.0,0.0,3.0,0.0,0.0,0.33,1.32,1.76,0.83,0.59,40.738952000000005,-73.985479,533.0,521.6666666666666
02M413,1.0,0.0,3.0,1.0,0.0,0.31,1.12,1.82,0.79,0.51,40.738952000000005,-73.985479,533.0,521.6666666666666
02M413,1.0,2.0,1.0,3.0,0.0,0.28,1.11,1.74,0.75,0.53,40.738952000000005,-73.985479,533.0,521.6666666666666
02M460,0.0,0.0,0.0,0.0,0.0,0.0,0.0,0.0,0.0,0.0,40.735494,-73.987659,387.0,373.3333333333333
02M374,0.0,0.0,0.0,0.0,0.0,0.0,0.0,0.0,0.0,0.0,40.735494,-73.987659,391.0,392.0
02M575,0.0,1.0,0.0,1.0,0.0,0.52,1.71,2.49,1.16,0.75,40.732715999999996,-73.984665,517.0,401.6666666666667
02M575,0.0,1.0,0.0,1.0,0.0,0.31,1.12,1.82,0.79,0.51,40.732715999999996,-73.984665,517.0,401.6666666666667
02M575,2.0,3.0,1.0,2.0,3.0,0.28,1.11,1.74,0.75,0.53,40.732715999999996,-73.984665,517.0,401.6666666666667
06M462,0.0,0.0,0.0,0.0,0.0,0.0,0.0,0.0,0.0,0.0,40.855954,-73.927051,384.0,375.6666666666667
06M463,0.0,0.0,0.0,0.0,0.0,0.0,0.0,0.0,0.0,0.0,40.855954,-73.927051,380.0,366.0
06M467,0.0,0.0,0.0,0.0,0.0,0.0,0.0,0.0,0.0,0.0,40.855954,-73.927051,378.0,367.3333333333333
06M468,0.0,0.0,0.0,0.0,0.0,0.0,0.0,0.0,0.0,0.0,40.855954,-73.927051,422.0,408.0
06M457,0.0,0.0,0.0,0.0,0.0,0.0,0.0,0.0,0.0,0.0,40.855954,-73.927051,357.0,365.6666666666667
03M404,0.0,0.0,0.0,0.0,0.0,0.0,0.0,0.0,0.0,0.0,40.785803,-73.974614,403.0,400.0
01M650,0.0,0.0,0.0,0.0,0.0,0.0,0.0,0.0,0.0,0.0,40.72252,-73.990728,418.0,415.3333333333333
02M407,0.0,0.0,0.0,0.0,0.0,0.0,0.0,0.0,0.0,0.0,40.732447,-73.98303100000001,465.0,474.6666666666667
02M420,0.0,0.0,0.0,0.0,0.0,0.0,0.0,0.0,0.0,0.0,40.732447,-73.98303100000001,449.0,435.3333333333333
02M475,0.0,2.0,2.0,1.0,0.0,2.13,9.06,14.5,6.06,3.56,40.71759,-74.01374799999999,735.0,698.6666666666666
02M475,0.0,1.0,1.0,1.0,0.0,1.57,7.21,14.07,5.14,2.57,40.71759,-74.01374799999999,735.0,698.6666666666666
02M475,0.0,2.0,4.0,1.0,0.0,1.13,8.47,15.33,3.8,3.07,40.71759,-74.01374799999999,735.0,698.6666666666666
02M449,0.0,0.0,0.0,0.0,0.0,0.0,0.0,0.0,0.0,0.0,40.765359000000004,-73.960059,416.0,399.6666666666667
02M565,0.0,0.0,0.0,0.0,0.0,0.0,0.0,0.0,0.0,0.0,40.765359000000004,-73.960059,508.0,515.6666666666666
02M519,0.0,0.0,0.0,0.0,0.0,0.0,0.0,0.0,0.0,0.0,40.765359000000004,-73.960059,472.0,472.0
02M459,0.0,0.0,0.0,0.0,0.0,0.0,0.0,0.0,0.0,0.0,40.765359000000004,-73.960059,460.0,409.0
02M630,0.0,0.0,0.0,0.0,0.0,0.0,0.0,0.0,0.0,0.0,40.759240000000005,-73.967203,441.0,438.3333333333333
03M307,0.0,0.0,0.0,0.0,0.0,0.0,0.0,0.0,0.0,0.0,40.774351,-73.984753,390.0,381.3333333333333
03M283,0.0,0.0,0.0,0.0,0.0,0.0,0.0,0.0,0.0,0.0,40.774351,-73.984753,379.0,397.6666666666667
03M541,0.0,0.0,0.0,0.0,0.0,0.0,0.0,0.0,0.0,0.0,40.774351,-73.984753,506.0,482.0
03M494,0.0,0.0,0.0,0.0,0.0,0.0,0.0,0.0,0.0,0.0,40.774351,-73.984753,433.0,425.6666666666667
03M492,0.0,0.0,0.0,0.0,0.0,0.0,0.0,0.0,0.0,0.0,40.774351,-73.984753,398.0,398.6666666666667
03M299,0.0,0.0,0.0,0.0,0.0,0.0,0.0,0.0,0.0,0.0,40.774351,-73.984753,384.0,377.3333333333333
04M495,0.0,2.0,2.0,1.0,0.0,0.35,1.06,1.09,0.73,0.5,40.790543,-73.944356,379.0,376.0
04M495,0.0,2.0,2.0,1.0,1.0,0.27,1.11,1.38,0.8,0.48,40.790543,-73.944356,379.0,376.0
04M495,0.0,1.0,2.0,0.0,1.0,0.27,0.9,1.67,0.63,0.44,40.790543,-73.944356,379.0,376.0
05M469,0.0,0.0,0.0,0.0,0.0,0.0,0.0,0.0,0.0,0.0,40.807383,-73.939433,360.0,366.3333333333333
03M505,2.0,4.0,4.0,5.0,1.0,0.33,1.32,1.76,0.83,0.59,40.797559,-73.966837,369.0,373.6666666666667
03M505,0.0,4.0,8.0,4.0,0.0,0.31,1.12,1.82,0.79,0.51,40.797559,-73.966837,369.0,373.6666666666667
03M505,1.0,3.0,7.0,3.0,0.0,0.28,1.11,1.74,0.75,0.53,40.797559,-73.966837,369.0,373.6666666666667
01M458,0.0,0.0,0.0,0.0,0.0,0.0,0.0,0.0,0.0,0.0,40.72252,-73.990728,401.0,391.3333333333333
05M692,0.0,0.0,0.0,0.0,0.0,0.35,1.06,1.09,0.73,0.5,40.82074,-73.949097,654.0,615.6666666666666
05M692,0.0,0.0,0.0,0.0,0.0,0.27,1.11,1.38,0.8,0.48,40.82074,-73.949097,654.0,615.6666666666666
05M692,0.0,0.0,0.0,0.0,0.0,0.27,0.9,1.67,0.63,0.44,40.82074,-73.949097,654.0,615.6666666666666
02M520,0.0,0.0,0.0,0.0,0.0,0.0,0.0,0.0,0.0,0.0,40.711442,-74.000851,440.0,413.3333333333333
02M300,0.0,0.0,0.0,0.0,0.0,0.0,0.0,0.0,0.0,0.0,40.765184000000005,-73.992953,449.0,423.0
02M542,0.0,0.0,0.0,0.0,0.0,0.0,0.0,0.0,0.0,0.0,40.765184000000005,-73.992953,378.0,352.6666666666667
02M296,0.0,0.0,0.0,0.0,0.0,0.0,0.0,0.0,0.0,0.0,40.765184000000005,-73.992953,375.0,370.3333333333333
02M288,0.0,0.0,0.0,0.0,0.0,0.0,0.0,0.0,0.0,0.0,40.765184000000005,-73.992953,393.0,398.0
02M303,0.0,0.0,0.0,0.0,0.0,0.0,0.0,0.0,0.0,0.0,40.765184000000005,-73.992953,358.0,350.3333333333333
06M540,9.0,23.0,17.0,17.0,9.0,0.86,3.26,5.55,2.17,1.29,40.818188,-73.950356,456.0,436.3333333333333
06M540,10.0,17.0,16.0,13.0,12.0,0.89,3.22,5.07,2.18,1.64,40.818188,-73.950356,456.0,436.3333333333333
06M540,3.0,8.0,14.0,6.0,4.0,0.64,3.02,5.77,1.72,1.54,40.818188,-73.950356,456.0,436.3333333333333
02M600,1.0,6.0,9.0,4.0,1.0,0.81,3.95,6.51,2.3,1.78,40.745156,-73.996074,423.0,419.0
02M600,1.0,7.0,11.0,7.0,1.0,0.95,3.35,6.9,2.5,1.45,40.745156,-73.996074,423.0,419.0
02M600,2.0,8.0,17.0,7.0,3.0,0.9,3.5,7.25,2.55,1.45,40.745156,-73.996074,423.0,419.0
02M376,0.0,0.0,0.0,0.0,0.0,0.0,0.0,0.0,0.0,0.0,40.7244,-74.004625,483.0,478.3333333333333
02M615,0.0,0.0,0.0,0.0,0.0,0.0,0.0,0.0,0.0,0.0,40.7244,-74.004625,418.0,402.3333333333333
02M500,0.0,0.0,0.0,0.0,0.0,0.0,0.0,0.0,0.0,0.0,40.746176,-73.981241,349.0,356.6666666666667
02M620,0.0,0.0,0.0,0.0,0.0,0.0,0.0,0.0,0.0,0.0,40.746176,-73.981241,379.0,369.3333333333333
06M346,0.0,1.0,0.0,1.0,0.0,0.33,1.32,1.76,0.83,0.59,40.833687,-73.942072,376.0,368.3333333333333
06M346,0.0,3.0,4.0,2.0,0.0,0.31,1.12,1.82,0.79,0.51,40.833687,-73.942072,376.0,368.3333333333333
06M346,0.0,1.0,1.0,0.0,1.0,0.28,1.11,1.74,0.75,0.53,40.833687,-73.942072,376.0,368.3333333333333
02M625,0.0,0.0,0.0,0.0,0.0,0.0,0.0,0.0,0.0,0.0,40.76337,-73.990593,382.0,384.3333333333333
02M560,0.0,0.0,0.0,0.0,0.0,0.0,0.0,0.0,0.0,0.0,40.729411999999996,-74.006148,440.0,471.6666666666667
02M586,0.0,1.0,2.0,1.0,0.0,0.43,1.03,1.23,0.99,0.41,40.730038,-73.992632,416.0,434.3333333333333
02M586,0.0,0.0,2.0,0.0,0.0,0.36,0.76,1.17,0.64,0.37,40.730038,-73.992632,416.0,434.3333333333333
02M586,0.0,0.0,8.0,0.0,0.0,0.24,0.71,1.71,0.51,0.32,40.730038,-73.992632,416.0,434.3333333333333
02M489,1.0,5.0,3.0,4.0,1.0,0.52,1.71,2.49,1.16,0.75,40.709196,-74.012022,489.0,458.0
02M489,0.0,3.0,8.0,1.0,2.0,0.46,1.65,2.77,1.17,0.75,40.709196,-74.012022,489.0,458.0
02M489,1.0,5.0,1.0,4.0,1.0,0.38,1.71,2.38,0.98,0.82,40.709196,-74.012022,489.0,458.0
02M544,0.0,0.0,0.0,0.0,0.0,0.0,0.0,0.0,0.0,0.0,40.768343,-73.989108,371.0,365.0
02M400,0.0,0.0,0.0,0.0,0.0,0.0,0.0,0.0,0.0,0.0,40.767790999999995,-73.987531,493.0,473.0
03M479,0.0,0.0,0.0,0.0,0.0,0.86,3.26,5.55,2.17,1.29,40.772007,-73.98747900000001,575.0,581.3333333333334
03M479,0.0,0.0,0.0,0.0,0.0,0.89,3.22,5.07,2.18,1.64,40.772007,-73.98747900000001,575.0,581.3333333333334
03M479,0.0,0.0,0.0,0.0,0.0,0.64,3.02,5.77,1.72,1.54,40.772007,-73.98747900000001,575.0,581.3333333333334
02M416,0.0,0.0,1.0,0.0,0.0,0.33,1.32,1.76,0.83,0.59,40.770187,-73.953608,594.0,586.0
02M416,0.0,0.0,0.0,0.0,0.0,0.31,1.12,1.82,0.79,0.51,40.770187,-73.953608,594.0,586.0
02M416,0.0,1.0,2.0,0.0,1.0,0.28,1.11,1.74,0.75,0.53,40.770187,-73.953608,594.0,586.0
02M439,1.0,2.0,1.0,2.0,1.0,0.35,1.06,1.09,0.73,0.5,40.741496999999995,-73.991512,473.0,457.3333333333333
02M439,0.0,0.0,0.0,0.0,0.0,0.27,1.11,1.38,0.8,0.48,40.741496999999995,-73.991512,473.0,457.3333333333333
02M439,0.0,0.0,0.0,0.0,0.0,0.27,0.9,1.67,0.63,0.44,40.741496999999995,-73.991512,473.0,457.3333333333333
02M411,1.0,1.0,0.0,2.0,0.0,0.35,1.06,1.09,0.73,0.5,40.741929999999996,-73.986521,563.0,525.6666666666666
02M411,0.0,0.0,0.0,0.0,0.0,0.27,1.11,1.38,0.8,0.48,40.741929999999996,-73.986521,563.0,525.6666666666666
02M411,0.0,0.0,1.0,0.0,0.0,0.27,0.9,1.67,0.63,0.44,40.741929999999996,-73.986521,563.0,525.6666666666666
02M551,2.0,0.0,1.0,1.0,1.0,0.35,1.06,1.09,0.73,0.5,40.701695,-74.01163100000001,423.0,404.0
02M551,0.0,7.0,7.0,2.0,3.0,0.27,1.11,1.38,0.8,0.48,40.701695,-74.01163100000001,423.0,404.0
02M551,0.0,0.0,3.0,0.0,0.0,0.27,0.9,1.67,0.63,0.44,40.701695,-74.01163100000001,423.0,404.0
02M429,0.0,0.0,0.0,0.0,0.0,0.0,0.0,0.0,0.0,0.0,40.736518,-73.994858,357.0,354.0
02M425,1.0,2.0,12.0,2.0,1.0,0.33,1.32,1.76,0.83,0.59,40.708729999999996,-74.012332,426.0,411.0
02M425,3.0,8.0,12.0,6.0,4.0,0.31,1.12,1.82,0.79,0.51,40.708729999999996,-74.012332,426.0,411.0
02M425,0.0,4.0,9.0,1.0,2.0,0.28,1.11,1.74,0.75,0.53,40.708729999999996,-74.012332,426.0,411.0
04M610,1.0,1.0,0.0,2.0,0.0,0.35,1.06,1.09,0.73,0.5,40.792741,-73.947428,446.0,442.0
04M610,0.0,0.0,0.0,0.0,0.0,0.27,1.11,1.38,0.8,0.48,40.792741,-73.947428,446.0,442.0
04M610,0.0,1.0,0.0,1.0,0.0,0.27,0.9,1.67,0.63,0.44,40.792741,-73.947428,446.0,442.0
02M531,0.0,2.0,1.0,2.0,0.0,0.43,1.03,1.23,0.99,0.41,40.755843,-73.984382,404.0,417.6666666666667
02M531,0.0,3.0,0.0,2.0,0.0,0.36,0.76,1.17,0.64,0.37,40.755843,-73.984382,404.0,417.6666666666667
02M531,0.0,0.0,0.0,0.0,0.0,0.24,0.71,1.71,0.51,0.32,40.755843,-73.984382,404.0,417.6666666666667
05M285,1.0,4.0,1.0,1.0,1.0,0.43,1.03,1.23,0.99,0.41,40.807987,-73.940061,318.0,336.0
05M285,0.0,1.0,0.0,1.0,0.0,0.36,0.76,1.17,0.64,0.37,40.807987,-73.940061,318.0,336.0
05M285,0.0,1.0,2.0,1.0,0.0,0.27,0.9,1.67,0.63,0.44,40.807987,-73.940061,318.0,336.0
02M570,0.0,2.0,1.0,2.0,0.0,0.35,1.06,1.09,0.73,0.5,40.747621,-73.990454,337.0,344.0
02M570,0.0,2.0,1.0,2.0,0.0,0.27,1.11,1.38,0.8,0.48,40.747621,-73.990454,337.0,344.0
02M570,0.0,0.0,1.0,0.0,0.0,0.27,0.9,1.67,0.63,0.44,40.747621,-73.990454,337.0,344.0
05M670,1.0,7.0,3.0,5.0,3.0,0.33,1.32,1.76,0.83,0.59,40.815509000000006,-73.944202,402.0,400.6666666666667
05M670,1.0,2.0,4.0,3.0,0.0,0.31,1.12,1.82,0.79,0.51,40.815509000000006,-73.944202,402.0,400.6666666666667
05M670,1.0,2.0,4.0,3.0,0.0,0.28,1.11,1.74,0.75,0.53,40.815509000000006,-73.944202,402.0,400.6666666666667
25Q540,0.0,2.0,0.0,1.0,0.0,0.35,1.06,1.09,0.73,0.5,40.765162,-73.8288,382.0,389.3333333333333
25Q540,1.0,1.0,0.0,1.0,0.0,0.27,1.11,1.38,0.8,0.48,40.765162,-73.8288,382.0,389.3333333333333
25Q540,0.0,0.0,1.0,0.0,0.0,0.27,0.9,1.67,0.63,0.44,40.765162,-73.8288,382.0,389.3333333333333
25Q285,0.0,0.0,0.0,0.0,0.0,0.0,0.0,0.0,0.0,0.0,40.765133,-73.790083,489.0,480.3333333333333
25Q252,0.0,0.0,0.0,0.0,0.0,0.0,0.0,0.0,0.0,0.0,40.724458,-73.810216,498.0,465.3333333333333
27Q323,1.0,1.0,0.0,2.0,0.0,0.86,3.26,5.55,2.17,1.29,40.584109000000005,-73.825711,537.0,510.6666666666667
27Q323,0.0,0.0,2.0,0.0,0.0,0.89,3.22,5.07,2.18,1.64,40.584109000000005,-73.825711,537.0,510.6666666666667
27Q323,0.0,0.0,0.0,0.0,0.0,0.64,3.02,5.77,1.72,1.54,40.584109000000005,-73.825711,537.0,510.6666666666667
25Q263,0.0,0.0,0.0,0.0,0.0,0.0,0.0,0.0,0.0,0.0,40.759844,-73.820548,417.0,349.6666666666667
29Q259,0.0,0.0,0.0,0.0,0.0,0.0,0.0,0.0,0.0,0.0,40.70646,-73.753579,397.0,391.0
27Q308,0.0,0.0,0.0,0.0,0.0,0.0,0.0,0.0,0.0,0.0,40.671240000000004,-73.845141,426.0,421.6666666666667
25Q281,0.0,0.0,0.0,0.0,0.0,0.0,0.0,0.0,0.0,0.0,40.749545,-73.822073,463.0,423.6666666666667
27Q400,0.0,0.0,0.0,0.0,0.0,0.0,0.0,0.0,0.0,0.0,40.675633000000005,-73.783342,371.0,369.3333333333333
30Q301,0.0,0.0,0.0,0.0,0.0,0.0,0.0,0.0,0.0,0.0,40.742956,-73.95919599999999,440.0,418.3333333333333
26Q495,3.0,11.0,11.0,9.0,4.0,2.13,9.06,14.5,6.06,3.56,40.771755,-73.78029599999999,523.0,483.0
26Q495,1.0,7.0,4.0,3.0,3.0,1.57,7.21,14.07,5.14,2.57,40.771755,-73.78029599999999,523.0,483.0
26Q495,2.0,4.0,7.0,2.0,1.0,1.13,8.47,15.33,3.8,3.07,40.771755,-73.78029599999999,523.0,483.0
27Q262,0.0,0.0,0.0,0.0,0.0,0.0,0.0,0.0,0.0,0.0,40.586065999999995,-73.822624,419.0,417.3333333333333
30Q575,0.0,0.0,2.0,0.0,0.0,0.52,1.71,2.49,1.16,0.75,40.751331,-73.937434,492.0,490.0
30Q575,1.0,3.0,0.0,3.0,0.0,0.46,1.65,2.77,1.17,0.75,40.751331,-73.937434,492.0,490.0
30Q575,0.0,1.0,0.0,0.0,1.0,0.38,1.71,2.38,0.98,0.82,40.751331,-73.937434,492.0,490.0
27Q410,0.0,0.0,0.0,0.0,0.0,0.0,0.0,0.0,0.0,0.0,40.586065999999995,-73.822624,396.0,378.0
26Q415,8.0,16.0,12.0,16.0,5.0,2.13,9.06,14.5,6.06,3.56,40.752333,-73.75599,545.0,504.6666666666667
26Q415,1.0,9.0,11.0,7.0,1.0,1.57,7.21,14.07,5.14,2.57,40.752333,-73.75599,545.0,504.6666666666667
26Q415,2.0,18.0,11.0,8.0,4.0,1.13,8.47,15.33,3.8,3.07,40.752333,-73.75599,545.0,504.6666666666667
29Q248,0.0,0.0,0.0,0.0,0.0,0.0,0.0,0.0,0.0,0.0,40.668234999999996,-73.756839,380.0,366.3333333333333
29Q283,0.0,0.0,0.0,0.0,0.0,0.0,0.0,0.0,0.0,0.0,40.668234999999996,-73.756839,367.0,366.6666666666667
29Q272,0.0,0.0,0.0,0.0,0.0,0.0,0.0,0.0,0.0,0.0,40.668234999999996,-73.756839,427.0,429.0
29Q265,0.0,0.0,0.0,0.0,0.0,0.0,0.0,0.0,0.0,0.0,40.668234999999996,-73.756839,398.0,400.6666666666667
25Q425,2.0,9.0,32.0,6.0,3.0,2.13,9.06,14.5,6.06,3.56,40.738139000000004,-73.82494399999999,451.0,414.3333333333333
25Q425,3.0,14.0,33.0,9.0,6.0,1.57,7.21,14.07,5.14,2.57,40.738139000000004,-73.82494399999999,451.0,414.3333333333333
25Q425,4.0,16.0,51.0,7.0,7.0,1.13,8.47,15.33,3.8,3.07,40.738139000000004,-73.82494399999999,451.0,414.3333333333333
26Q430,3.0,3.0,4.0,4.0,2.0,1.8,7.8,7.6,6.2,2.2,40.740724,-73.79283000000001,539.0,491.3333333333333
26Q430,3.0,13.0,4.0,11.0,3.0,2.6,10.4,14.8,9.2,2.4,40.740724,-73.79283000000001,539.0,491.3333333333333
26Q430,0.0,7.0,5.0,4.0,1.0,0.33,6.67,7.0,3.33,2.0,40.740724,-73.79283000000001,539.0,491.3333333333333
26Q435,2.0,11.0,26.0,7.0,5.0,2.39,7.89,13.67,5.22,3.94,40.733066,-73.73875600000001,397.0,390.6666666666667
26Q435,0.0,0.0,0.0,0.0,0.0,0.0,0.0,0.0,0.0,0.0,40.733066,-73.73875600000001,397.0,390.6666666666667
28Q440,0.0,9.0,10.0,6.0,0.0,2.13,9.06,14.5,6.06,3.56,40.729402,-73.845637,497.0,469.0
28Q440,2.0,2.0,5.0,4.0,0.0,1.57,7.21,14.07,5.14,2.57,40.729402,-73.845637,497.0,469.0
28Q440,1.0,9.0,5.0,6.0,4.0,1.13,8.47,15.33,3.8,3.07,40.729402,-73.845637,497.0,469.0
30Q445,1.0,12.0,9.0,7.0,4.0,2.93,12.33,31.53,6.47,5.13,40.75823,-73.910514,449.0,425.0
30Q445,1.0,16.0,13.0,10.0,5.0,1.96,7.74,16.07,5.48,3.44,40.75823,-73.910514,449.0,425.0
30Q445,0.0,11.0,7.0,5.0,3.0,1.69,7.16,17.44,3.63,3.94,40.75823,-73.910514,449.0,425.0
30Q555,0.0,2.0,3.0,2.0,0.0,0.52,1.71,2.49,1.16,0.75,40.751356,-73.937445,475.0,375.6666666666667
30Q555,0.0,1.0,1.0,0.0,1.0,0.46,1.65,2.77,1.17,0.75,40.751356,-73.937445,475.0,375.6666666666667
30Q555,0.0,1.0,0.0,0.0,0.0,0.38,1.71,2.38,0.98,0.82,40.751356,-73.937445,475.0,375.6666666666667
30Q450,0.0,5.0,14.0,2.0,1.0,2.93,12.33,31.53,6.47,5.13,40.765826000000004,-73.9328,420.0,406.0
30Q450,2.0,4.0,12.0,3.0,1.0,1.96,7.74,16.07,5.48,3.44,40.765826000000004,-73.9328,420.0,406.0
30Q450,0.0,9.0,20.0,2.0,5.0,1.69,7.16,17.44,3.63,3.94,40.765826000000004,-73.9328,420.0,406.0
24Q455,0.0,0.0,0.0,0.0,0.0,0.0,0.0,0.0,0.0,0.0,40.741122,-73.874721,440.0,401.0
24Q550,0.0,0.0,0.0,0.0,0.0,0.0,0.0,0.0,0.0,0.0,40.737427000000004,-73.853178,403.0,391.3333333333333
25Q467,0.0,0.0,0.0,0.0,0.0,0.0,0.0,0.0,0.0,0.0,40.765166,-73.82789,373.0,365.0
25Q460,0.0,0.0,0.0,0.0,0.0,0.0,0.0,0.0,0.0,0.0,40.765166,-73.82789,441.0,405.3333333333333
27Q302,0.0,0.0,0.0,0.0,0.0,0.0,0.0,0.0,0.0,0.0,40.60201,-73.762795,401.0,385.3333333333333
27Q260,0.0,0.0,0.0,0.0,0.0,0.0,0.0,0.0,0.0,0.0,40.60201,-73.762795,385.0,381.6666666666667
27Q309,0.0,0.0,0.0,0.0,0.0,0.0,0.0,0.0,0.0,0.0,40.60201,-73.762795,379.0,364.6666666666667
28Q310,0.0,0.0,0.0,0.0,0.0,0.0,0.0,0.0,0.0,0.0,40.713218,-73.797237,445.0,421.6666666666667
28Q470,0.0,0.0,0.0,0.0,0.0,0.0,0.0,0.0,0.0,0.0,40.713218,-73.797237,368.0,354.3333333333333
28Q350,0.0,0.0,0.0,0.0,0.0,0.0,0.0,0.0,0.0,0.0,40.713218,-73.797237,452.0,435.6666666666667
27Q475,0.0,0.0,0.0,0.0,0.0,0.0,0.0,0.0,0.0,0.0,40.693006,-73.82940699999999,404.0,384.6666666666667
27Q475,0.0,0.0,0.0,0.0,0.0,0.0,0.0,0.0,0.0,0.0,40.695888000000004,-73.833681,404.0,384.6666666666667
27Q480,0.0,0.0,0.0,0.0,0.0,0.0,0.0,0.0,0.0,0.0,40.679639,-73.837298,409.0,397.3333333333333
24Q600,0.0,6.0,6.0,4.0,1.0,0.81,3.95,6.51,2.3,1.78,40.742205,-73.928219,447.0,423.3333333333333
24Q600,0.0,3.0,7.0,1.0,1.0,0.82,2.97,5.58,1.79,1.67,40.742205,-73.928219,447.0,423.3333333333333
24Q600,0.0,1.0,5.0,1.0,0.0,0.59,2.3,4.8,1.36,1.17,40.742205,-73.928219,447.0,423.3333333333333
24Q485,2.0,3.0,22.0,0.0,5.0,0.81,5.43,8.48,3.24,2.33,40.711033,-73.908814,420.0,403.6666666666667
24Q485,0.0,5.0,6.0,3.0,2.0,0.95,3.35,6.9,2.5,1.45,40.711033,-73.908814,420.0,403.6666666666667
24Q485,0.0,3.0,12.0,0.0,3.0,0.59,2.3,4.8,1.36,1.17,40.711033,-73.908814,420.0,403.6666666666667
29Q492,0.0,0.0,0.0,0.0,0.0,0.0,0.0,0.0,0.0,0.0,40.697819,-73.745728,426.0,406.6666666666667
29Q494,0.0,0.0,0.0,0.0,0.0,0.0,0.0,0.0,0.0,0.0,40.697819,-73.745728,377.0,379.6666666666667
29Q498,0.0,0.0,0.0,0.0,0.0,0.0,0.0,0.0,0.0,0.0,40.697819,-73.745728,381.0,383.6666666666667
29Q496,0.0,0.0,0.0,0.0,0.0,0.0,0.0,0.0,0.0,0.0,40.697819,-73.745728,414.0,384.0
28Q505,2.0,6.0,12.0,3.0,5.0,2.13,9.06,14.5,6.06,3.56,40.709446,-73.80166,413.0,398.0
28Q505,4.0,6.0,11.0,7.0,3.0,1.57,7.21,14.07,5.14,2.57,40.709446,-73.80166,413.0,398.0
28Q505,2.0,9.0,12.0,7.0,4.0,1.13,8.47,15.33,3.8,3.07,40.709446,-73.80166,413.0,398.0
25Q525,0.0,1.0,0.0,1.0,0.0,0.56,2.4,3.56,1.36,1.05,40.734390000000005,-73.821392,651.0,636.6666666666666
25Q525,0.0,3.0,0.0,3.0,0.0,0.48,2.19,3.69,1.29,1.0,40.734390000000005,-73.821392,651.0,636.6666666666666
25Q525,0.0,1.0,2.0,1.0,0.0,0.57,2.12,3.64,1.39,1.05,40.734390000000005,-73.821392,651.0,636.6666666666666
24Q520,0.0,0.0,0.0,0.0,0.0,0.0,0.0,0.0,0.0,0.0,40.744412,-73.93364,393.0,392.3333333333333
24Q530,0.0,0.0,0.0,0.0,0.0,0.0,0.0,0.0,0.0,0.0,40.744412,-73.93364,409.0,354.6666666666667
26Q566,3.0,1.0,3.0,0.0,4.0,0.56,2.4,3.56,1.36,1.05,40.746088,-73.727535,434.0,426.3333333333333
26Q566,3.0,2.0,6.0,4.0,1.0,0.48,2.19,3.69,1.29,1.0,40.746088,-73.727535,434.0,426.3333333333333
26Q566,1.0,1.0,2.0,0.0,1.0,0.57,2.12,3.64,1.39,1.05,40.746088,-73.727535,434.0,426.3333333333333
30Q501,0.0,0.0,0.0,0.0,0.0,0.52,1.71,2.49,1.16,0.75,40.756534,-73.92512099999999,496.0,498.0
30Q501,0.0,2.0,0.0,1.0,0.0,0.46,1.65,2.77,1.17,0.75,40.756534,-73.92512099999999,496.0,498.0
30Q501,0.0,0.0,0.0,0.0,0.0,0.38,1.71,2.38,0.98,0.82,40.756534,-73.92512099999999,496.0,498.0
28Q338,1.0,0.0,1.0,0.0,1.0,0.35,1.06,1.09,0.73,0.5,40.70848,-73.800065,408.0,392.6666666666667
28Q338,0.0,0.0,0.0,0.0,0.0,0.36,0.76,1.17,0.64,0.37,40.70848,-73.800065,408.0,392.6666666666667
28Q338,0.0,0.0,0.0,0.0,0.0,0.24,0.71,1.71,0.51,0.32,40.70848,-73.800065,408.0,392.6666666666667
24Q610,0.0,4.0,6.0,3.0,0.0,2.39,7.89,13.67,5.22,3.94,40.743509,-73.929076,496.0,454.6666666666667
24Q610,0.0,1.0,5.0,0.0,1.0,1.96,7.74,16.07,5.48,3.44,40.743509,-73.929076,496.0,454.6666666666667
24Q610,2.0,0.0,1.0,2.0,0.0,1.69,7.16,17.44,3.63,3.94,40.743509,-73.929076,496.0,454.6666666666667
28Q620,5.0,5.0,7.0,3.0,6.0,2.39,7.89,13.67,5.22,3.94,40.715389,-73.80036899999999,478.0,457.3333333333333
28Q620,3.0,6.0,8.0,7.0,2.0,1.96,7.74,16.07,5.48,3.44,40.715389,-73.80036899999999,478.0,457.3333333333333
28Q620,2.0,8.0,7.0,5.0,3.0,1.69,7.16,17.44,3.63,3.94,40.715389,-73.80036899999999,478.0,457.3333333333333
27Q650,1.0,3.0,2.0,4.0,0.0,0.52,1.71,2.49,1.16,0.75,40.689591,-73.840717,491.0,448.3333333333333
27Q650,0.0,0.0,2.0,0.0,0.0,0.46,1.65,2.77,1.17,0.75,40.689591,-73.840717,491.0,448.3333333333333
27Q650,1.0,7.0,4.0,4.0,2.0,0.38,1.71,2.38,0.98,0.82,40.689591,-73.840717,491.0,448.3333333333333
28Q896,0.0,0.0,1.0,0.0,0.0,0.33,1.32,1.76,0.83,0.59,40.707527,-73.806412,445.0,438.6666666666667
28Q896,1.0,0.0,2.0,1.0,0.0,0.31,1.12,1.82,0.79,0.51,40.707527,-73.806412,445.0,438.6666666666667
28Q896,1.0,1.0,3.0,2.0,0.0,0.28,1.11,1.74,0.75,0.53,40.707527,-73.806412,445.0,438.6666666666667
28Q690,3.0,7.0,8.0,5.0,4.0,0.33,1.32,1.76,0.83,0.59,40.686208,-73.784144,406.0,398.6666666666667
28Q690,0.0,5.0,12.0,0.0,3.0,0.31,1.12,1.82,0.79,0.51,40.686208,-73.784144,406.0,398.6666666666667
28Q690,1.0,6.0,6.0,1.0,6.0,0.28,1.11,1.74,0.75,0.53,40.686208,-73.784144,406.0,398.6666666666667
28Q680,0.0,0.0,0.0,0.0,0.0,0.52,1.71,2.49,1.16,0.75,40.718831,-73.806499,523.0,512.6666666666666
28Q680,0.0,1.0,1.0,1.0,0.0,0.46,1.65,2.77,1.17,0.75,40.718831,-73.806499,523.0,512.6666666666666
28Q680,0.0,2.0,1.0,1.0,1.0,0.28,1.11,1.74,0.75,0.53,40.718831,-73.806499,523.0,512.6666666666666
25Q670,0.0,4.0,2.0,2.0,1.0,0.33,1.32,1.76,0.83,0.59,40.725603,-73.81069699999999,458.0,443.3333333333333
25Q670,0.0,3.0,3.0,3.0,0.0,0.31,1.12,1.82,0.79,0.51,40.725603,-73.81069699999999,458.0,443.3333333333333
25Q670,0.0,4.0,6.0,3.0,0.0,0.28,1.11,1.74,0.75,0.53,40.725603,-73.81069699999999,458.0,443.3333333333333
30Q502,0.0,7.0,5.0,5.0,2.0,0.52,1.71,2.49,1.16,0.75,40.748701000000004,-73.94638,434.0,413.0
30Q502,0.0,2.0,8.0,0.0,2.0,0.46,1.65,2.77,1.17,0.75,40.748701000000004,-73.94638,434.0,413.0
30Q502,0.0,2.0,2.0,1.0,0.0,0.38,1.71,2.38,0.98,0.82,40.748701000000004,-73.94638,434.0,413.0
79Q950,0.0,0.0,0.0,0.0,0.0,0.0,0.0,0.0,0.0,0.0,40.70284,-73.808352,400.0,440.6666666666667
79Q950,0.0,0.0,0.0,0.0,0.0,1.57,7.21,14.07,5.14,2.57,40.70284,-73.808352,400.0,440.6666666666667
79Q950,0.0,0.0,0.0,0.0,0.0,1.13,8.47,15.33,3.8,3.07,40.70284,-73.808352,400.0,440.6666666666667
24Q267,0.0,0.0,0.0,0.0,0.0,0.0,0.0,0.0,0.0,0.0,40.745095,-73.936635,413.0,406.3333333333333
24Q299,0.0,0.0,0.0,0.0,0.0,0.0,0.0,0.0,0.0,0.0,40.745095,-73.936635,568.0,554.3333333333334
24Q264,0.0,0.0,0.0,0.0,0.0,0.0,0.0,0.0,0.0,0.0,40.745095,-73.936635,454.0,426.6666666666667
24Q296,0.0,0.0,0.0,0.0,0.0,0.0,0.0,0.0,0.0,0.0,40.74373,-73.870642,323.0,317.0
24Q293,0.0,0.0,0.0,0.0,0.0,0.0,0.0,0.0,0.0,0.0,40.74373,-73.870642,429.0,413.3333333333333
28Q687,0.0,1.0,1.0,0.0,0.0,0.35,1.06,1.09,0.73,0.5,40.701049,-73.798151,660.0,622.6666666666666
28Q687,0.0,0.0,0.0,0.0,0.0,0.27,1.11,1.38,0.8,0.48,40.701049,-73.798151,660.0,622.6666666666666
28Q687,0.0,0.0,0.0,0.0,0.0,0.27,0.9,1.67,0.63,0.44,40.701049,-73.798151,660.0,622.6666666666666
25Q792,0.0,3.0,2.0,2.0,1.0,0.43,1.03,1.23,0.99,0.41,40.720359,-73.819792,421.0,392.3333333333333
25Q792,0.0,0.0,2.0,0.0,0.0,0.36,0.76,1.17,0.64,0.37,40.720359,-73.819792,421.0,392.3333333333333
25Q792,0.0,2.0,1.0,2.0,0.0,0.24,0.71,1.71,0.51,0.32,40.720359,-73.819792,421.0,392.3333333333333
30Q580,0.0,0.0,0.0,0.0,0.0,0.35,1.06,1.09,0.73,0.5,40.755365999999995,-73.92716899999999,568.0,545.3333333333334
30Q580,0.0,0.0,0.0,0.0,0.0,0.27,1.11,1.38,0.8,0.48,40.755365999999995,-73.92716899999999,568.0,545.3333333333334
30Q580,0.0,0.0,0.0,0.0,0.0,0.27,0.9,1.67,0.63,0.44,40.755365999999995,-73.92716899999999,568.0,545.3333333333334
75Q811,0.0,1.0,1.0,1.0,0.0,0.35,1.06,1.09,0.73,0.5,40.756778000000004,-73.729487,444.0,435.3333333333333
75Q811,0.0,0.0,0.0,0.0,0.0,0.27,1.11,1.38,0.8,0.48,40.756778000000004,-73.729487,444.0,435.3333333333333
75Q811,0.0,0.0,1.0,0.0,0.0,0.27,0.9,1.67,0.63,0.44,40.756778000000004,-73.729487,444.0,435.3333333333333
31R064,0.0,0.0,0.0,0.0,0.0,0.0,0.0,0.0,0.0,0.0,40.581315000000004,-74.158589,412.0,398.3333333333333
31R047,0.0,0.0,0.0,0.0,0.0,0.0,0.0,0.0,0.0,0.0,40.581315000000004,-74.158589,451.0,451.0
31R440,0.0,0.0,0.0,0.0,0.0,0.0,0.0,0.0,0.0,0.0,40.569393,-74.107737,437.0,425.6666666666667
31R605,0.0,0.0,0.0,0.0,0.0,0.56,2.4,3.56,1.36,1.05,40.567873,-74.11537299999999,682.0,651.0
31R605,0.0,0.0,2.0,0.0,0.0,0.48,2.19,3.69,1.29,1.0,40.567873,-74.11537299999999,682.0,651.0
31R605,0.0,0.0,1.0,0.0,0.0,0.64,3.02,5.77,1.72,1.54,40.567873,-74.11537299999999,682.0,651.0
31R445,0.0,19.0,34.0,9.0,8.0,0.81,5.43,8.48,3.24,2.33,40.634572999999996,-74.141818,438.0,426.3333333333333
31R445,2.0,14.0,20.0,4.0,9.0,0.82,2.97,5.58,1.79,1.67,40.634572999999996,-74.141818,438.0,426.3333333333333
31R445,2.0,10.0,25.0,8.0,2.0,0.64,3.02,5.77,1.72,1.54,40.634572999999996,-74.141818,438.0,426.3333333333333
31R450,5.0,26.0,37.0,15.0,12.0,2.39,7.89,13.67,5.22,3.94,40.644735,-74.081222,435.0,433.6666666666667
31R450,5.0,24.0,29.0,21.0,8.0,1.96,7.74,16.07,5.48,3.44,40.644735,-74.081222,435.0,433.6666666666667
31R450,3.0,9.0,23.0,7.0,2.0,1.69,7.16,17.44,3.63,3.94,40.644735,-74.081222,435.0,433.6666666666667
31R455,0.0,0.0,0.0,0.0,0.0,0.0,0.0,0.0,0.0,0.0,40.528092,-74.192032,486.0,472.6666666666667
31R607,0.0,0.0,0.0,0.0,0.0,0.0,0.0,0.0,0.0,0.0,40.528092,-74.192032,375.0,383.3333333333333
31R460,3.0,12.0,36.0,9.0,2.0,2.13,9.06,14.5,6.06,3.56,40.596803,-74.124227,474.0,462.6666666666667
31R460,2.0,19.0,25.0,9.0,6.0,1.57,7.21,14.07,5.14,2.57,40.596803,-74.124227,474.0,462.6666666666667
31R460,1.0,12.0,25.0,6.0,2.0,1.13,8.47,15.33,3.8,3.07,40.596803,-74.124227,474.0,462.6666666666667
31R470,0.0,1.0,0.0,1.0,0.0,0.43,1.03,1.23,0.99,0.41,40.610867999999996,-74.087379,455.0,445.0
31R470,1.0,1.0,6.0,1.0,1.0,0.36,0.76,1.17,0.64,0.37,40.610867999999996,-74.087379,455.0,445.0
31R470,0.0,2.0,3.0,1.0,0.0,0.24,0.71,1.71,0.51,0.32,40.610867999999996,-74.087379,455.0,445.0
31R600,0.0,8.0,15.0,1.0,3.0,0.33,1.32,1.76,0.83,0.59,40.642793,-74.07873000000001,422.0,411.6666666666667
31R600,0.0,2.0,5.0,2.0,0.0,0.31,1.12,1.82,0.79,0.51,40.642793,-74.07873000000001,422.0,411.6666666666667
31R600,0.0,3.0,9.0,2.0,1.0,0.28,1.11,1.74,0.75,0.53,40.642793,-74.07873000000001,422.0,411.6666666666667
31R080,0.0,3.0,7.0,1.0,1.0,0.86,3.26,5.55,2.17,1.29,40.608517,-74.102078,488.0,475.3333333333333
31R080,1.0,3.0,1.0,4.0,0.0,0.89,3.22,5.07,2.18,1.64,40.608517,-74.102078,488.0,475.3333333333333
31R080,1.0,4.0,2.0,3.0,1.0,0.64,3.02,5.77,1.72,1.54,40.608517,-74.102078,488.0,475.3333333333333
09X250,0.0,0.0,0.0,0.0,0.0,0.0,0.0,0.0,0.0,0.0,40.833665,-73.902499,394.0,389.6666666666667
09X260,0.0,0.0,0.0,0.0,0.0,0.0,0.0,0.0,0.0,0.0,40.833665,-73.902499,480.0,465.3333333333333
09X276,0.0,0.0,0.0,0.0,0.0,0.0,0.0,0.0,0.0,0.0,40.840891,-73.898166,353.0,360.3333333333333
08X332,0.0,0.0,0.0,0.0,0.0,0.0,0.0,0.0,0.0,0.0,40.817512,-73.898212,371.0,361.3333333333333
08X530,0.0,0.0,0.0,0.0,0.0,0.0,0.0,0.0,0.0,0.0,40.817512,-73.898212,381.0,377.0
09X365,0.0,0.0,0.0,0.0,0.0,0.0,0.0,0.0,0.0,0.0,40.849623,-73.91606999999999,339.0,317.0
12X262,0.0,0.0,0.0,0.0,0.0,0.0,0.0,0.0,0.0,0.0,40.8359,-73.890458,353.0,358.0
12X251,0.0,0.0,0.0,0.0,0.0,0.0,0.0,0.0,0.0,0.0,40.8359,-73.890458,381.0,374.0
12X278,0.0,0.0,0.0,0.0,0.0,0.0,0.0,0.0,0.0,0.0,40.827315000000006,-73.897612,401.0,385.0
12X248,0.0,0.0,0.0,0.0,0.0,0.0,0.0,0.0,0.0,0.0,40.827315000000006,-73.897612,367.0,351.6666666666667
10X225,0.0,0.0,0.0,0.0,0.0,0.0,0.0,0.0,0.0,0.0,40.854493,-73.89671700000001,391.0,396.6666666666667
07X334,0.0,0.0,0.0,0.0,0.0,0.0,0.0,0.0,0.0,0.0,40.81004,-73.917792,324.0,315.0
10X141,0.0,2.0,9.0,1.0,1.0,0.86,3.26,5.55,2.17,1.29,40.888338,-73.91348599999999,455.0,444.3333333333333
10X141,0.0,4.0,7.0,0.0,2.0,0.89,3.22,5.07,2.18,1.64,40.888338,-73.91348599999999,455.0,444.3333333333333
10X141,0.0,4.0,6.0,4.0,0.0,0.64,3.02,5.77,1.72,1.54,40.888338,-73.91348599999999,455.0,444.3333333333333
10X237,0.0,0.0,0.0,0.0,0.0,0.0,0.0,0.0,0.0,0.0,40.875911,-73.901099,393.0,385.6666666666667
09X517,0.0,0.0,0.0,0.0,0.0,0.0,0.0,0.0,0.0,0.0,40.833511,-73.90449,384.0,373.6666666666667
07X221,0.0,0.0,0.0,0.0,0.0,0.0,0.0,0.0,0.0,0.0,40.813983,-73.92078199999999,378.0,363.3333333333333
07X520,0.0,0.0,0.0,0.0,0.0,0.0,0.0,0.0,0.0,0.0,40.811162,-73.90980400000001,396.0,395.3333333333333
12X267,0.0,0.0,0.0,0.0,0.0,0.0,0.0,0.0,0.0,0.0,40.827743,-73.90010500000001,432.0,417.0
07X500,0.0,0.0,0.0,0.0,0.0,0.0,0.0,0.0,0.0,0.0,40.815498,-73.91224,426.0,419.0
08X282,0.0,0.0,0.0,0.0,0.0,0.0,0.0,0.0,0.0,0.0,40.814833,-73.85658000000001,386.0,390.3333333333333
07X551,0.0,0.0,0.0,0.0,0.0,0.0,0.0,0.0,0.0,0.0,40.813641,-73.925313,381.0,400.3333333333333
11X514,0.0,0.0,0.0,0.0,0.0,0.0,0.0,0.0,0.0,0.0,40.887831,-73.852694,372.0,370.6666666666667
11X513,0.0,0.0,0.0,0.0,0.0,0.0,0.0,0.0,0.0,0.0,40.887831,-73.852694,381.0,349.3333333333333
11X270,0.0,0.0,0.0,0.0,0.0,0.0,0.0,0.0,0.0,0.0,40.887831,-73.852694,394.0,380.3333333333333
10X368,1.0,1.0,1.0,1.0,1.0,0.56,2.4,3.56,1.36,1.05,40.879368,-73.909896,408.0,393.6666666666667
10X368,0.0,6.0,7.0,4.0,0.0,0.48,2.19,3.69,1.29,1.0,40.879368,-73.909896,408.0,393.6666666666667
10X368,0.0,3.0,3.0,1.0,1.0,0.38,1.71,2.38,0.98,0.82,40.879368,-73.909896,408.0,393.6666666666667
09X404,0.0,0.0,0.0,0.0,0.0,0.0,0.0,0.0,0.0,0.0,40.827642,-73.904473,360.0,358.0
09X297,0.0,0.0,0.0,0.0,0.0,0.0,0.0,0.0,0.0,0.0,40.827642,-73.904473,386.0,382.6666666666667
09X543,0.0,0.0,0.0,0.0,0.0,0.0,0.0,0.0,0.0,0.0,40.827642,-73.904473,315.0,346.3333333333333
09X403,0.0,0.0,0.0,0.0,0.0,0.0,0.0,0.0,0.0,0.0,40.827642,-73.904473,312.0,321.6666666666667
12X480,0.0,0.0,0.0,0.0,0.0,0.0,0.0,0.0,0.0,0.0,40.823532,-73.898872,385.0,393.6666666666667
12X446,0.0,0.0,0.0,0.0,0.0,0.0,0.0,0.0,0.0,0.0,40.823532,-73.898872,372.0,367.0
08X293,0.0,0.0,0.0,0.0,0.0,0.0,0.0,0.0,0.0,0.0,40.840702,-73.838545,385.0,386.0
08X408,0.0,0.0,0.0,0.0,0.0,0.0,0.0,0.0,0.0,0.0,40.840702,-73.838545,373.0,396.0
08X405,0.0,0.0,0.0,0.0,0.0,0.0,0.0,0.0,0.0,0.0,40.840702,-73.838545,436.0,413.6666666666667
09X239,0.0,0.0,0.0,0.0,0.0,0.0,0.0,0.0,0.0,0.0,40.840422,-73.91091,355.0,361.3333333333333
09X414,0.0,0.0,0.0,0.0,0.0,0.0,0.0,0.0,0.0,0.0,40.840422,-73.91091,364.0,374.0
09X329,0.0,0.0,0.0,0.0,0.0,0.0,0.0,0.0,0.0,0.0,40.840422,-73.91091,365.0,379.3333333333333
09X412,0.0,0.0,0.0,0.0,0.0,0.0,0.0,0.0,0.0,0.0,40.840422,-73.91091,376.0,361.0
09X413,0.0,0.0,0.0,0.0,0.0,0.0,0.0,0.0,0.0,0.0,40.840422,-73.91091,419.0,407.0
09X227,0.0,0.0,0.0,0.0,0.0,0.0,0.0,0.0,0.0,0.0,40.840422,-73.91091,376.0,349.6666666666667
11X542,0.0,0.0,0.0,0.0,0.0,0.0,0.0,0.0,0.0,0.0,40.859665,-73.861006,438.0,429.3333333333333
11X541,0.0,0.0,0.0,0.0,0.0,0.0,0.0,0.0,0.0,0.0,40.859665,-73.861006,382.0,376.3333333333333
11X288,0.0,0.0,0.0,0.0,0.0,0.0,0.0,0.0,0.0,0.0,40.859665,-73.861006,471.0,449.3333333333333
11X415,0.0,0.0,0.0,0.0,0.0,0.0,0.0,0.0,0.0,0.0,40.859665,-73.861006,361.0,360.3333333333333
11X299,0.0,0.0,0.0,0.0,0.0,0.0,0.0,0.0,0.0,0.0,40.859665,-73.861006,391.0,389.6666666666667
10X549,0.0,0.0,0.0,0.0,0.0,0.0,0.0,0.0,0.0,0.0,40.870293,-73.898309,379.0,371.6666666666667
12X388,0.0,0.0,0.0,0.0,0.0,0.0,0.0,0.0,0.0,0.0,40.831601,-73.878912,351.0,323.3333333333333
12X692,0.0,0.0,0.0,0.0,0.0,0.0,0.0,0.0,0.0,0.0,40.831601,-73.878912,357.0,346.0
12X690,0.0,0.0,0.0,0.0,0.0,0.0,0.0,0.0,0.0,0.0,40.831601,-73.878912,387.0,379.3333333333333
12X550,0.0,0.0,0.0,0.0,0.0,0.0,0.0,0.0,0.0,0.0,40.831601,-73.878912,323.0,313.0
11X275,0.0,0.0,0.0,0.0,0.0,0.0,0.0,0.0,0.0,0.0,40.875953,-73.86197,376.0,370.3333333333333
11X544,0.0,0.0,0.0,0.0,0.0,0.0,0.0,0.0,0.0,0.0,40.875953,-73.86197,378.0,375.3333333333333
11X265,0.0,0.0,0.0,0.0,0.0,0.0,0.0,0.0,0.0,0.0,40.875953,-73.86197,391.0,378.3333333333333
11X253,0.0,0.0,0.0,0.0,0.0,0.0,0.0,0.0,0.0,0.0,40.875953,-73.86197,357.0,382.3333333333333
11X545,0.0,0.0,0.0,0.0,0.0,0.0,0.0,0.0,0.0,0.0,40.875953,-73.86197,393.0,387.6666666666667
11X290,0.0,0.0,0.0,0.0,0.0,0.0,0.0,0.0,0.0,0.0,40.875953,-73.86197,365.0,378.3333333333333
10X268,0.0,0.0,0.0,0.0,0.0,0.0,0.0,0.0,0.0,0.0,40.870293,-73.898309,356.0,320.6666666666667
10X342,0.0,0.0,0.0,0.0,0.0,0.0,0.0,0.0,0.0,0.0,40.870293,-73.898309,333.0,311.3333333333333
10X433,0.0,0.0,0.0,0.0,0.0,0.0,0.0,0.0,0.0,0.0,40.870293,-73.898309,371.0,368.6666666666667
10X442,0.0,0.0,0.0,0.0,0.0,0.0,0.0,0.0,0.0,0.0,40.870293,-73.898309,420.0,423.3333333333333
10X243,0.0,0.0,0.0,0.0,0.0,0.0,0.0,0.0,0.0,0.0,40.860043,-73.888267,406.0,386.0
10X374,0.0,0.0,0.0,0.0,0.0,0.0,0.0,0.0,0.0,0.0,40.860043,-73.888267,401.0,393.3333333333333
10X438,0.0,0.0,0.0,0.0,0.0,0.0,0.0,0.0,0.0,0.0,40.860043,-73.888267,385.0,373.0
10X437,0.0,0.0,0.0,0.0,0.0,0.0,0.0,0.0,0.0,0.0,40.860043,-73.888267,350.0,359.0
10X439,0.0,0.0,0.0,0.0,0.0,0.0,0.0,0.0,0.0,0.0,40.860043,-73.888267,364.0,360.6666666666667
10X434,0.0,0.0,0.0,0.0,0.0,0.0,0.0,0.0,0.0,0.0,40.860043,-73.888267,418.0,407.3333333333333
10X440,0.0,0.0,0.0,0.0,0.0,0.0,0.0,0.0,0.0,0.0,40.882178,-73.88691,426.0,418.3333333333333
10X445,0.0,2.0,5.0,1.0,0.0,2.13,9.06,14.5,6.06,3.56,40.877590000000005,-73.89104,688.0,656.3333333333334
10X445,0.0,3.0,11.0,2.0,0.0,1.57,7.21,14.07,5.14,2.57,40.877590000000005,-73.89104,688.0,656.3333333333334
10X445,0.0,2.0,7.0,1.0,0.0,1.13,8.47,15.33,3.8,3.07,40.877590000000005,-73.89104,688.0,656.3333333333334
08X540,0.0,0.0,0.0,0.0,0.0,0.0,0.0,0.0,0.0,0.0,40.82229,-73.856167,400.0,378.0
08X305,0.0,0.0,0.0,0.0,0.0,0.0,0.0,0.0,0.0,0.0,40.82229,-73.856167,361.0,346.0
08X312,0.0,0.0,0.0,0.0,0.0,0.0,0.0,0.0,0.0,0.0,40.82229,-73.856167,402.0,388.0
08X295,0.0,0.0,0.0,0.0,0.0,0.0,0.0,0.0,0.0,0.0,40.82229,-73.856167,390.0,400.0
08X452,0.0,0.0,0.0,0.0,0.0,0.0,0.0,0.0,0.0,0.0,40.82229,-73.856167,371.0,368.3333333333333
08X377,0.0,0.0,0.0,0.0,0.0,0.0,0.0,0.0,0.0,0.0,40.82229,-73.856167,369.0,370.6666666666667
11X455,0.0,0.0,0.0,0.0,0.0,0.0,0.0,0.0,0.0,0.0,40.874091,-73.833904,397.0,383.6666666666667
11X249,0.0,0.0,0.0,0.0,0.0,0.0,0.0,0.0,0.0,0.0,40.874091,-73.833904,381.0,377.6666666666667
09X505,2.0,4.0,1.0,2.0,2.0,0.52,1.71,2.49,1.16,0.75,40.827607,-73.918681,418.0,408.0
09X505,1.0,4.0,7.0,3.0,0.0,0.46,1.65,2.77,1.17,0.75,40.827607,-73.918681,418.0,408.0
09X505,0.0,3.0,8.0,1.0,1.0,0.38,1.71,2.38,0.98,0.82,40.827607,-73.918681,418.0,408.0
09X231,0.0,2.0,3.0,1.0,0.0,0.33,1.32,1.76,0.83,0.59,40.844958,-73.89705,387.0,378.0
09X231,1.0,8.0,7.0,2.0,4.0,0.31,1.12,1.82,0.79,0.51,40.844958,-73.89705,387.0,378.0
09X231,2.0,3.0,4.0,0.0,3.0,0.28,1.11,1.74,0.75,0.53,40.844958,-73.89705,387.0,378.0
07X495,0.0,0.0,0.0,0.0,0.0,0.0,0.0,0.0,0.0,0.0,40.81825,-73.91103000000001,394.0,400.3333333333333
07X473,0.0,0.0,0.0,0.0,0.0,0.0,0.0,0.0,0.0,0.0,40.81825,-73.91103000000001,375.0,365.6666666666667
10X477,0.0,0.0,0.0,0.0,0.0,0.0,0.0,0.0,0.0,0.0,40.877105,-73.912256,435.0,421.0
10X475,0.0,0.0,0.0,0.0,0.0,0.0,0.0,0.0,0.0,0.0,40.877105,-73.912256,362.0,350.6666666666667
10X397,0.0,0.0,0.0,0.0,0.0,0.0,0.0,0.0,0.0,0.0,40.877105,-73.912256,356.0,343.0
10X546,0.0,0.0,0.0,0.0,0.0,0.0,0.0,0.0,0.0,0.0,40.877105,-73.912256,362.0,354.6666666666667
10X284,0.0,0.0,0.0,0.0,0.0,0.0,0.0,0.0,0.0,0.0,40.877105,-73.912256,395.0,394.0
10X213,0.0,0.0,0.0,0.0,0.0,0.0,0.0,0.0,0.0,0.0,40.877105,-73.912256,412.0,383.3333333333333
07X600,0.0,0.0,0.0,0.0,0.0,0.0,0.0,0.0,0.0,0.0,40.818232,-73.91986700000001,400.0,386.0
08X650,0.0,0.0,0.0,0.0,0.0,0.0,0.0,0.0,0.0,0.0,40.821675,-73.90354599999999,359.0,370.6666666666667
07X655,0.0,0.0,0.0,0.0,0.0,0.0,0.0,0.0,0.0,0.0,40.810803,-73.907015,416.0,394.6666666666667
10X667,0.0,0.0,0.0,0.0,0.0,0.0,0.0,0.0,0.0,0.0,40.855698,-73.882715,356.0,341.0
10X660,0.0,0.0,0.0,0.0,0.0,0.0,0.0,0.0,0.0,0.0,40.855698,-73.882715,382.0,366.6666666666667
07X548,0.0,0.0,0.0,0.0,0.0,0.0,0.0,0.0,0.0,0.0,40.822309999999995,-73.923829,411.0,393.6666666666667
07X547,0.0,0.0,0.0,0.0,0.0,0.0,0.0,0.0,0.0,0.0,40.822309999999995,-73.923829,356.0,361.3333333333333
07X527,0.0,0.0,0.0,0.0,0.0,0.0,0.0,0.0,0.0,0.0,40.822309999999995,-73.923829,378.0,367.6666666666667
11X418,0.0,7.0,5.0,2.0,4.0,0.33,1.32,1.76,0.83,0.59,40.851405,-73.865036,433.0,422.6666666666667
11X418,0.0,11.0,7.0,8.0,2.0,0.27,1.11,1.38,0.8,0.48,40.851405,-73.865036,433.0,422.6666666666667
11X418,0.0,3.0,1.0,1.0,2.0,0.27,0.9,1.67,0.63,0.44,40.851405,-73.865036,433.0,422.6666666666667
09X525,1.0,10.0,6.0,2.0,6.0,0.33,1.32,1.76,0.83,0.59,40.843588000000004,-73.90323599999999,394.0,388.6666666666667
09X525,0.0,4.0,11.0,1.0,2.0,0.31,1.12,1.82,0.79,0.51,40.843588000000004,-73.90323599999999,394.0,388.6666666666667
09X525,1.0,5.0,9.0,3.0,2.0,0.28,1.11,1.74,0.75,0.53,40.843588000000004,-73.90323599999999,394.0,388.6666666666667
12X682,0.0,1.0,3.0,1.0,0.0,0.35,1.06,1.09,0.73,0.5,40.830870000000004,-73.88626,346.0,343.0
12X682,2.0,2.0,1.0,2.0,2.0,0.27,1.11,1.38,0.8,0.48,40.830870000000004,-73.88626,346.0,343.0
12X682,1.0,1.0,8.0,1.0,1.0,0.27,0.9,1.67,0.63,0.44,40.830870000000004,-73.88626,346.0,343.0
12X684,4.0,10.0,16.0,3.0,5.0,0.33,1.32,1.76,0.83,0.59,40.841794,-73.875366,374.0,371.3333333333333
12X684,0.0,6.0,17.0,4.0,1.0,0.31,1.12,1.82,0.79,0.51,40.841794,-73.875366,374.0,371.3333333333333
12X684,0.0,5.0,16.0,3.0,2.0,0.27,0.9,1.67,0.63,0.44,40.841794,-73.875366,374.0,371.3333333333333
07X670,0.0,0.0,0.0,0.0,0.0,0.0,0.0,0.0,0.0,0.0,40.815938,-73.930386,368.0,365.0
07X427,0.0,0.0,0.0,0.0,0.0,0.0,0.0,0.0,0.0,0.0,40.815938,-73.930386,359.0,359.0
10X696,0.0,0.0,0.0,0.0,0.0,0.35,1.06,1.09,0.73,0.5,40.873938,-73.895382,648.0,640.0
10X696,0.0,0.0,0.0,0.0,0.0,0.27,1.11,1.38,0.8,0.48,40.873938,-73.895382,648.0,640.0
10X696,0.0,0.0,0.0,0.0,0.0,0.27,0.9,1.67,0.63,0.44,40.873938,-73.895382,648.0,640.0
07X321,0.0,0.0,0.0,0.0,0.0,0.43,1.03,1.23,0.99,0.41,40.816532,-73.91174699999999,364.0,375.0
07X321,0.0,0.0,0.0,0.0,0.0,0.36,0.76,1.17,0.64,0.37,40.816532,-73.91174699999999,364.0,375.0
07X321,3.0,3.0,2.0,3.0,3.0,0.24,0.71,1.71,0.51,0.32,40.816532,-73.91174699999999,364.0,375.0
09X263,0.0,0.0,0.0,0.0,0.0,0.0,0.0,0.0,0.0,0.0,40.839244,-73.90131600000001,363.0,358.3333333333333
09X241,0.0,0.0,0.0,0.0,0.0,0.0,0.0,0.0,0.0,0.0,40.839244,-73.90131600000001,464.0,430.0
09X252,0.0,0.0,0.0,0.0,0.0,0.0,0.0,0.0,0.0,0.0,40.839244,-73.90131600000001,367.0,364.0
08X519,0.0,0.0,0.0,0.0,0.0,0.0,0.0,0.0,0.0,0.0,40.821146,-73.881479,370.0,366.3333333333333
12X271,0.0,7.0,7.0,1.0,5.0,0.33,1.32,1.76,0.83,0.59,40.836356,-73.888361,378.0,367.3333333333333
12X271,2.0,5.0,10.0,3.0,3.0,0.31,1.12,1.82,0.79,0.51,40.836356,-73.888361,378.0,367.3333333333333
12X271,1.0,11.0,13.0,8.0,3.0,0.28,1.11,1.74,0.75,0.53,40.836356,-73.888361,378.0,367.3333333333333
24Q560,0.0,1.0,1.0,1.0,0.0,0.31,1.12,1.82,0.79,0.51,40.742839000000004,-73.936782,447.0,443.3333333333333
24Q560,0.0,2.0,0.0,2.0,0.0,0.28,1.11,1.74,0.75,0.53,40.742839000000004,-73.936782,447.0,443.3333333333333
